classification,item_type,path,paths_json,size_bytes,allocated_bytes,inode_count,file_count,oldest_mtime_utc,newest_mtime_utc,reason
currently_referenced,legacy_window_v13,${NARROWGATE_CACHE_ROOT}/window_cache/btcusdc_2026-04-17_tick_window_v13_4d256347f4b3f2e6.pkl,"[""${NARROWGATE_CACHE_ROOT}/window_cache/btcusdc_2026-04-17_tick_window_v13_4d256347f4b3f2e6.pkl""]",1204149812,1204150272,1,1,2026-07-31T21:01:35.399057Z,2026-07-31T21:01:35.399057Z,hash/size-bound by the current F07 40-day strict-native input index
currently_referenced,legacy_window_v13,${NARROWGATE_CACHE_ROOT}/window_cache/btcusdc_2026-04-18_tick_window_v13_89e0f46b784419a8.pkl,"[""${NARROWGATE_CACHE_ROOT}/window_cache/btcusdc_2026-04-18_tick_window_v13_89e0f46b784419a8.pkl""]",1183477517,1183477760,1,1,2026-07-31T21:16:42.381809Z,2026-07-31T21:16:42.381809Z,hash/size-bound by the current F07 40-day strict-native input index
currently_referenced,legacy_window_v13,${NARROWGATE_CACHE_ROOT}/window_cache/btcusdc_2026-04-19_tick_window_v13_46affab2e7c64428.pkl,"[""${NARROWGATE_CACHE_ROOT}/window_cache/btcusdc_2026-04-19_tick_window_v13_46affab2e7c64428.pkl""]",1184937557,1184940032,1,1,2026-07-31T21:16:42.787231Z,2026-07-31T21:16:42.787231Z,hash/size-bound by the current F07 40-day strict-native input index
currently_referenced,legacy_window_v13,${NARROWGATE_CACHE_ROOT}/window_cache/btcusdc_2026-04-20_tick_window_v13_0686f89cb6735b1a.pkl,"[""${NARROWGATE_CACHE_ROOT}/window_cache/btcusdc_2026-04-20_tick_window_v13_0686f89cb6735b1a.pkl""]",1196254881,1196257280,1,1,2026-07-31T21:20:05.829994Z,2026-07-31T21:20:05.829994Z,hash/size-bound by the current F07 40-day strict-native input index
currently_referenced,legacy_window_v13,${NARROWGATE_CACHE_ROOT}/window_cache/btcusdc_2026-04-22_tick_window_v13_b150a3d7bf0430a7.pkl,"[""${NARROWGATE_CACHE_ROOT}/window_cache/btcusdc_2026-04-22_tick_window_v13_b150a3d7bf0430a7.pkl""]",1213882272,1213882368,1,1,2026-07-31T21:20:08.366035Z,2026-07-31T21:20:08.366035Z,hash/size-bound by the current F07 40-day strict-native input index
currently_referenced,legacy_window_v13,${NARROWGATE_CACHE_ROOT}/window_cache/btcusdc_2026-04-23_tick_window_v13_6af2863d73b03d95.pkl,"[""${NARROWGATE_CACHE_ROOT}/window_cache/btcusdc_2026-04-23_tick_window_v13_6af2863d73b03d95.pkl""]",1213992126,1213992960,1,1,2026-07-31T21:25:09.783346Z,2026-07-31T21:25:09.783346Z,hash/size-bound by the current F07 40-day strict-native input index
currently_referenced,legacy_window_v13,${NARROWGATE_CACHE_ROOT}/window_cache/btcusdc_2026-05-01_tick_window_v13_5a8cb2841f865613.pkl,"[""${NARROWGATE_CACHE_ROOT}/window_cache/btcusdc_2026-05-01_tick_window_v13_5a8cb2841f865613.pkl""]",1202376885,1202380800,1,1,2026-07-31T21:25:44.485408Z,2026-07-31T21:25:44.485408Z,hash/size-bound by the current F07 40-day strict-native input index
currently_referenced,legacy_window_v13,${NARROWGATE_CACHE_ROOT}/window_cache/btcusdc_2026-05-02_tick_window_v13_7e4da52915577f6f.pkl,"[""${NARROWGATE_CACHE_ROOT}/window_cache/btcusdc_2026-05-02_tick_window_v13_7e4da52915577f6f.pkl""]",1174995519,1174999040,1,1,2026-07-31T21:26:39.624519Z,2026-07-31T21:26:39.624519Z,hash/size-bound by the current F07 40-day strict-native input index
currently_referenced,legacy_window_v13,${NARROWGATE_CACHE_ROOT}/window_cache/btcusdc_2026-05-03_tick_window_v13_1883eba94e972f00.pkl,"[""${NARROWGATE_CACHE_ROOT}/window_cache/btcusdc_2026-05-03_tick_window_v13_1883eba94e972f00.pkl""]",1164337837,1164341248,1,1,2026-07-31T21:30:45.143276Z,2026-07-31T21:30:45.143276Z,hash/size-bound by the current F07 40-day strict-native input index
currently_referenced,legacy_window_v13,${NARROWGATE_CACHE_ROOT}/window_cache/btcusdc_2026-05-04_tick_window_v13_011603575fc36ddd.pkl,"[""${NARROWGATE_CACHE_ROOT}/window_cache/btcusdc_2026-05-04_tick_window_v13_011603575fc36ddd.pkl""]",1207177109,1207177216,1,1,2026-07-31T21:30:55.988776Z,2026-07-31T21:30:55.988776Z,hash/size-bound by the current F07 40-day strict-native input index
currently_referenced,legacy_window_v13,${NARROWGATE_CACHE_ROOT}/window_cache/btcusdc_2026-05-05_tick_window_v13_76265ec0ac783cbd.pkl,"[""${NARROWGATE_CACHE_ROOT}/window_cache/btcusdc_2026-05-05_tick_window_v13_76265ec0ac783cbd.pkl""]",1220802276,1220804608,1,1,2026-07-31T21:31:04.723612Z,2026-07-31T21:31:04.723612Z,hash/size-bound by the current F07 40-day strict-native input index
currently_referenced,legacy_window_v13,${NARROWGATE_CACHE_ROOT}/window_cache/btcusdc_2026-05-06_tick_window_v13_520c0a5d8d3c40cd.pkl,"[""${NARROWGATE_CACHE_ROOT}/window_cache/btcusdc_2026-05-06_tick_window_v13_520c0a5d8d3c40cd.pkl""]",1214328439,1214328832,1,1,2026-07-31T21:34:40.761374Z,2026-07-31T21:34:40.761374Z,hash/size-bound by the current F07 40-day strict-native input index
currently_referenced,legacy_window_v13,${NARROWGATE_CACHE_ROOT}/window_cache/btcusdc_2026-05-13_tick_window_v13_d4c41c611b5b18de.pkl,"[""${NARROWGATE_CACHE_ROOT}/window_cache/btcusdc_2026-05-13_tick_window_v13_d4c41c611b5b18de.pkl""]",1228966150,1228967936,1,1,2026-07-31T21:36:37.148493Z,2026-07-31T21:36:37.148493Z,hash/size-bound by the current F07 40-day strict-native input index
currently_referenced,legacy_window_v13,${NARROWGATE_CACHE_ROOT}/window_cache/btcusdc_2026-05-29_tick_window_v13_34fdfe23a77b9c03.pkl,"[""${NARROWGATE_CACHE_ROOT}/window_cache/btcusdc_2026-05-29_tick_window_v13_34fdfe23a77b9c03.pkl""]",1190018236,1190019072,1,1,2026-07-31T21:37:10.038405Z,2026-07-31T21:37:10.038405Z,hash/size-bound by the current F07 40-day strict-native input index
currently_referenced,legacy_window_v13,${NARROWGATE_CACHE_ROOT}/window_cache/btcusdc_2026-05-30_tick_window_v13_39310394480f5b56.pkl,"[""${NARROWGATE_CACHE_ROOT}/window_cache/btcusdc_2026-05-30_tick_window_v13_39310394480f5b56.pkl""]",1175346074,1175347200,1,1,2026-07-31T21:41:09.839625Z,2026-07-31T21:41:09.839625Z,hash/size-bound by the current F07 40-day strict-native input index
currently_referenced,legacy_window_v13,${NARROWGATE_CACHE_ROOT}/window_cache/btcusdc_2026-05-31_tick_window_v13_012f94b6a664c7de.pkl,"[""${NARROWGATE_CACHE_ROOT}/window_cache/btcusdc_2026-05-31_tick_window_v13_012f94b6a664c7de.pkl""]",1171335102,1171337216,1,1,2026-07-31T21:43:16.851765Z,2026-07-31T21:43:16.851765Z,hash/size-bound by the current F07 40-day strict-native input index
currently_referenced,legacy_window_v13,${NARROWGATE_CACHE_ROOT}/window_cache/btcusdc_2026-06-02_tick_window_v13_651ab74a80976816.pkl,"[""${NARROWGATE_CACHE_ROOT}/window_cache/btcusdc_2026-06-02_tick_window_v13_651ab74a80976816.pkl""]",1214836084,1214836736,1,1,2026-07-31T21:43:25.936131Z,2026-07-31T21:43:25.936131Z,hash/size-bound by the current F07 40-day strict-native input index
currently_referenced,legacy_window_v13,${NARROWGATE_CACHE_ROOT}/window_cache/btcusdc_2026-06-03_tick_window_v13_e9c8e12b44b6b0f2.pkl,"[""${NARROWGATE_CACHE_ROOT}/window_cache/btcusdc_2026-06-03_tick_window_v13_e9c8e12b44b6b0f2.pkl""]",1228345562,1228349440,1,1,2026-07-31T21:45:07.514769Z,2026-07-31T21:45:07.514769Z,hash/size-bound by the current F07 40-day strict-native input index
currently_referenced,legacy_window_v13,${NARROWGATE_CACHE_ROOT}/window_cache/btcusdc_2026-06-05_tick_window_v13_146b06e870de2996.pkl,"[""${NARROWGATE_CACHE_ROOT}/window_cache/btcusdc_2026-06-05_tick_window_v13_146b06e870de2996.pkl""]",1261615482,1261617152,1,1,2026-07-31T21:46:42.118131Z,2026-07-31T21:46:42.118131Z,hash/size-bound by the current F07 40-day strict-native input index
currently_referenced,legacy_window_v13,${NARROWGATE_CACHE_ROOT}/window_cache/btcusdc_2026-06-06_tick_window_v13_25976a27f53d01a6.pkl,"[""${NARROWGATE_CACHE_ROOT}/window_cache/btcusdc_2026-06-06_tick_window_v13_25976a27f53d01a6.pkl""]",1223368162,1223368704,1,1,2026-07-31T21:49:14.172660Z,2026-07-31T21:49:14.172660Z,hash/size-bound by the current F07 40-day strict-native input index
currently_referenced,legacy_window_v13,${NARROWGATE_CACHE_ROOT}/window_cache/btcusdc_2026-06-07_tick_window_v13_a16a7b7660e58a5a.pkl,"[""${NARROWGATE_CACHE_ROOT}/window_cache/btcusdc_2026-06-07_tick_window_v13_a16a7b7660e58a5a.pkl""]",1224919630,1224921088,1,1,2026-07-31T21:51:56.263610Z,2026-07-31T21:51:56.263610Z,hash/size-bound by the current F07 40-day strict-native input index
currently_referenced,legacy_window_v13,${NARROWGATE_CACHE_ROOT}/window_cache/btcusdc_2026-06-08_tick_window_v13_8e93d79979a23f4b.pkl,"[""${NARROWGATE_CACHE_ROOT}/window_cache/btcusdc_2026-06-08_tick_window_v13_8e93d79979a23f4b.pkl""]",1230278600,1230278656,1,1,2026-07-31T21:57:18.539637Z,2026-07-31T21:57:18.539637Z,hash/size-bound by the current F07 40-day strict-native input index
currently_referenced,legacy_window_v13,${NARROWGATE_CACHE_ROOT}/window_cache/btcusdc_2026-06-09_tick_window_v13_c6cf552bcd4fee7c.pkl,"[""${NARROWGATE_CACHE_ROOT}/window_cache/btcusdc_2026-06-09_tick_window_v13_c6cf552bcd4fee7c.pkl""]",1237667351,1237667840,1,1,2026-07-31T21:58:21.461756Z,2026-07-31T21:58:21.461756Z,hash/size-bound by the current F07 40-day strict-native input index
currently_referenced,legacy_window_v13,${NARROWGATE_CACHE_ROOT}/window_cache/btcusdc_2026-06-10_tick_window_v13_7e2244050d6fcd65.pkl,"[""${NARROWGATE_CACHE_ROOT}/window_cache/btcusdc_2026-06-10_tick_window_v13_7e2244050d6fcd65.pkl""]",1239894042,1239896064,1,1,2026-07-31T22:03:46.417940Z,2026-07-31T22:03:46.417940Z,hash/size-bound by the current F07 40-day strict-native input index
currently_referenced,legacy_window_v13,${NARROWGATE_CACHE_ROOT}/window_cache/btcusdc_2026-06-11_tick_window_v13_0c6c394da578dc19.pkl,"[""${NARROWGATE_CACHE_ROOT}/window_cache/btcusdc_2026-06-11_tick_window_v13_0c6c394da578dc19.pkl""]",1227312544,1227313152,1,1,2026-07-31T22:05:19.191194Z,2026-07-31T22:05:19.191194Z,hash/size-bound by the current F07 40-day strict-native input index
currently_referenced,legacy_window_v13,${NARROWGATE_CACHE_ROOT}/window_cache/btcusdc_2026-06-12_tick_window_v13_41c4cc47935cfce8.pkl,"[""${NARROWGATE_CACHE_ROOT}/window_cache/btcusdc_2026-06-12_tick_window_v13_41c4cc47935cfce8.pkl""]",1214317912,1214320640,1,1,2026-07-31T22:05:51.993989Z,2026-07-31T22:05:51.993989Z,hash/size-bound by the current F07 40-day strict-native input index
currently_referenced,legacy_window_v13,${NARROWGATE_CACHE_ROOT}/window_cache/btcusdc_2026-06-13_tick_window_v13_c610b3b3a5fa9e19.pkl,"[""${NARROWGATE_CACHE_ROOT}/window_cache/btcusdc_2026-06-13_tick_window_v13_c610b3b3a5fa9e19.pkl""]",1188773434,1188773888,1,1,2026-07-31T22:11:00.569235Z,2026-07-31T22:11:00.569235Z,hash/size-bound by the current F07 40-day strict-native input index
currently_referenced,legacy_window_v13,${NARROWGATE_CACHE_ROOT}/window_cache/btcusdc_2026-06-14_tick_window_v13_e218a69a7ee420aa.pkl,"[""${NARROWGATE_CACHE_ROOT}/window_cache/btcusdc_2026-06-14_tick_window_v13_e218a69a7ee420aa.pkl""]",1189055841,1189056512,1,1,2026-07-31T22:12:01.504832Z,2026-07-31T22:12:01.504832Z,hash/size-bound by the current F07 40-day strict-native input index
currently_referenced,legacy_window_v13,${NARROWGATE_CACHE_ROOT}/window_cache/btcusdc_2026-06-15_tick_window_v13_470acdd33619b6d3.pkl,"[""${NARROWGATE_CACHE_ROOT}/window_cache/btcusdc_2026-06-15_tick_window_v13_470acdd33619b6d3.pkl""]",1203519181,1203519488,1,1,2026-07-31T22:12:05.099863Z,2026-07-31T22:12:05.099863Z,hash/size-bound by the current F07 40-day strict-native input index
currently_referenced,legacy_window_v13,${NARROWGATE_CACHE_ROOT}/window_cache/btcusdc_2026-06-16_tick_window_v13_8ad846f1046f339f.pkl,"[""${NARROWGATE_CACHE_ROOT}/window_cache/btcusdc_2026-06-16_tick_window_v13_8ad846f1046f339f.pkl""]",1207052851,1207054336,1,1,2026-07-31T22:16:10.488532Z,2026-07-31T22:16:10.488532Z,hash/size-bound by the current F07 40-day strict-native input index
currently_referenced,legacy_window_v13,${NARROWGATE_CACHE_ROOT}/window_cache/btcusdc_2026-06-17_tick_window_v13_1d601f8440bbd5cd.pkl,"[""${NARROWGATE_CACHE_ROOT}/window_cache/btcusdc_2026-06-17_tick_window_v13_1d601f8440bbd5cd.pkl""]",1218172450,1218174976,1,1,2026-07-31T22:16:44.917439Z,2026-07-31T22:16:44.917439Z,hash/size-bound by the current F07 40-day strict-native input index
currently_referenced,legacy_window_v13,${NARROWGATE_CACHE_ROOT}/window_cache/btcusdc_2026-06-18_tick_window_v13_d7342e67b38b1d9a.pkl,"[""${NARROWGATE_CACHE_ROOT}/window_cache/btcusdc_2026-06-18_tick_window_v13_d7342e67b38b1d9a.pkl""]",1214016941,1214017536,1,1,2026-07-31T22:17:33.091479Z,2026-07-31T22:17:33.091479Z,hash/size-bound by the current F07 40-day strict-native input index
currently_referenced,legacy_window_v13,${NARROWGATE_CACHE_ROOT}/window_cache/btcusdc_2026-06-19_tick_window_v13_8de049ba6fd6d53d.pkl,"[""${NARROWGATE_CACHE_ROOT}/window_cache/btcusdc_2026-06-19_tick_window_v13_8de049ba6fd6d53d.pkl""]",1203818267,1203818496,1,1,2026-07-31T22:21:00.086996Z,2026-07-31T22:21:00.086996Z,hash/size-bound by the current F07 40-day strict-native input index
currently_referenced,legacy_window_v13,${NARROWGATE_CACHE_ROOT}/window_cache/btcusdc_2026-06-20_tick_window_v13_86a4ea16e98cf77d.pkl,"[""${NARROWGATE_CACHE_ROOT}/window_cache/btcusdc_2026-06-20_tick_window_v13_86a4ea16e98cf77d.pkl""]",1194760469,1194762240,1,1,2026-07-31T22:21:54.689756Z,2026-07-31T22:21:54.689756Z,hash/size-bound by the current F07 40-day strict-native input index
currently_referenced,legacy_window_v13,${NARROWGATE_CACHE_ROOT}/window_cache/btcusdc_2026-06-21_tick_window_v13_d2d43f648fdcd03a.pkl,"[""${NARROWGATE_CACHE_ROOT}/window_cache/btcusdc_2026-06-21_tick_window_v13_d2d43f648fdcd03a.pkl""]",1188272927,1188274176,1,1,2026-07-31T22:22:44.321518Z,2026-07-31T22:22:44.321518Z,hash/size-bound by the current F07 40-day strict-native input index
currently_referenced,legacy_window_v13,${NARROWGATE_CACHE_ROOT}/window_cache/btcusdc_2026-06-22_tick_window_v13_9a09ca80d62b182c.pkl,"[""${NARROWGATE_CACHE_ROOT}/window_cache/btcusdc_2026-06-22_tick_window_v13_9a09ca80d62b182c.pkl""]",1207147997,1207148544,1,1,2026-07-31T22:25:20.327983Z,2026-07-31T22:25:20.327983Z,hash/size-bound by the current F07 40-day strict-native input index
currently_referenced,legacy_window_v13,${NARROWGATE_CACHE_ROOT}/window_cache/btcusdc_2026-06-23_tick_window_v13_d86648fe5d00b730.pkl,"[""${NARROWGATE_CACHE_ROOT}/window_cache/btcusdc_2026-06-23_tick_window_v13_d86648fe5d00b730.pkl""]",1211447632,1211449344,1,1,2026-07-31T22:25:40.959763Z,2026-07-31T22:25:40.959763Z,hash/size-bound by the current F07 40-day strict-native input index
currently_referenced,legacy_window_v13,${NARROWGATE_CACHE_ROOT}/window_cache/btcusdc_2026-06-24_tick_window_v13_6e94625d7b5ebbf2.pkl,"[""${NARROWGATE_CACHE_ROOT}/window_cache/btcusdc_2026-06-24_tick_window_v13_6e94625d7b5ebbf2.pkl""]",1222922964,1222926336,1,1,2026-07-31T22:26:18.680738Z,2026-07-31T22:26:18.680738Z,hash/size-bound by the current F07 40-day strict-native input index
currently_referenced,legacy_window_v13,${NARROWGATE_CACHE_ROOT}/window_cache/btcusdc_2026-06-25_tick_window_v13_fcfa0691164b1e03.pkl,"[""${NARROWGATE_CACHE_ROOT}/window_cache/btcusdc_2026-06-25_tick_window_v13_fcfa0691164b1e03.pkl""]",1228828709,1228832768,1,1,2026-07-31T22:29:38.658513Z,2026-07-31T22:29:38.658513Z,hash/size-bound by the current F07 40-day strict-native input index
currently_referenced,legacy_window_v13,${NARROWGATE_CACHE_ROOT}/window_cache/btcusdc_2026-06-26_tick_window_v13_0184f31888c08574.pkl,"[""${NARROWGATE_CACHE_ROOT}/window_cache/btcusdc_2026-06-26_tick_window_v13_0184f31888c08574.pkl""]",1238775158,1238777856,1,1,2026-07-31T22:30:19.111633Z,2026-07-31T22:30:19.111633Z,hash/size-bound by the current F07 40-day strict-native input index
currently_referenced,replay_dag_node,${NARROWGATE_CACHE_ROOT}/replay_dag/native_exchange_book_hour_v1,"[""${NARROWGATE_CACHE_ROOT}/replay_dag/native_exchange_book_hour_v1""]",9827372804,9925074944,3384,3384,2026-08-01T12:37:17.941347Z,2026-08-01T20:21:17.707254Z,This is the active action-independent hourly native-book DAG node; it is not tied to a closed strategy action.
frozen_historical_referenced,byte_identical_superseded_cross_venue_variant,${NARROWGATE_CACHE_ROOT}/replay_dag/cross_venue_fair_price_trade_1s_v1/all_venues,"[""${NARROWGATE_CACHE_ROOT}/replay_dag/cross_venue_fair_price_trade_1s_v1/all_venues/2026-04-17-d0ef517c4b703f14.parquet"",""${NARROWGATE_CACHE_ROOT}/replay_dag/cross_venue_fair_price_trade_1s_v1/all_venues/2026-04-17-d0ef517c4b703f14.parquet.manifest.json""]",5643449,5648384,2,2,2026-08-01T11:45:33.199532Z,2026-08-01T11:45:33.204040Z,candidate token is referenced outside its own payload/manifest; preserve
frozen_historical_referenced,byte_identical_superseded_cross_venue_variant,${NARROWGATE_CACHE_ROOT}/replay_dag/cross_venue_fair_price_trade_1s_v1/all_venues,"[""${NARROWGATE_CACHE_ROOT}/replay_dag/cross_venue_fair_price_trade_1s_v1/all_venues/2026-04-18-c90efd4869c37478.parquet"",""${NARROWGATE_CACHE_ROOT}/replay_dag/cross_venue_fair_price_trade_1s_v1/all_venues/2026-04-18-c90efd4869c37478.parquet.manifest.json""]",5627072,5632000,2,2,2026-08-01T11:45:38.428003Z,2026-08-01T11:45:38.433191Z,candidate token is referenced outside its own payload/manifest; preserve
frozen_historical_referenced,byte_identical_superseded_cross_venue_variant,${NARROWGATE_CACHE_ROOT}/replay_dag/cross_venue_fair_price_trade_1s_v1/all_venues,"[""${NARROWGATE_CACHE_ROOT}/replay_dag/cross_venue_fair_price_trade_1s_v1/all_venues/2026-04-19-1d939423c2c5ce27.parquet"",""${NARROWGATE_CACHE_ROOT}/replay_dag/cross_venue_fair_price_trade_1s_v1/all_venues/2026-04-19-1d939423c2c5ce27.parquet.manifest.json""]",5600753,5603328,2,2,2026-08-01T11:45:43.747026Z,2026-08-01T11:45:43.752163Z,candidate token is referenced outside its own payload/manifest; preserve
frozen_historical_referenced,byte_identical_superseded_cross_venue_variant,${NARROWGATE_CACHE_ROOT}/replay_dag/cross_venue_fair_price_trade_1s_v1/all_venues,"[""${NARROWGATE_CACHE_ROOT}/replay_dag/cross_venue_fair_price_trade_1s_v1/all_venues/2026-04-20-fcb3eba5c5b02994.parquet"",""${NARROWGATE_CACHE_ROOT}/replay_dag/cross_venue_fair_price_trade_1s_v1/all_venues/2026-04-20-fcb3eba5c5b02994.parquet.manifest.json""]",5639936,5644288,2,2,2026-08-01T11:45:49.417533Z,2026-08-01T11:45:49.422346Z,candidate token is referenced outside its own payload/manifest; preserve
frozen_historical_referenced,byte_identical_superseded_cross_venue_variant,${NARROWGATE_CACHE_ROOT}/replay_dag/cross_venue_fair_price_trade_1s_v1/all_venues,"[""${NARROWGATE_CACHE_ROOT}/replay_dag/cross_venue_fair_price_trade_1s_v1/all_venues/2026-04-22-b7fd4027c9fb7d39.parquet"",""${NARROWGATE_CACHE_ROOT}/replay_dag/cross_venue_fair_price_trade_1s_v1/all_venues/2026-04-22-b7fd4027c9fb7d39.parquet.manifest.json""]",5649191,5652480,2,2,2026-08-01T11:45:56.935676Z,2026-08-01T11:45:56.940491Z,candidate token is referenced outside its own payload/manifest; preserve
frozen_historical_referenced,byte_identical_superseded_cross_venue_variant,${NARROWGATE_CACHE_ROOT}/replay_dag/cross_venue_fair_price_trade_1s_v1/all_venues,"[""${NARROWGATE_CACHE_ROOT}/replay_dag/cross_venue_fair_price_trade_1s_v1/all_venues/2026-04-23-aaa41be841f36f07.parquet"",""${NARROWGATE_CACHE_ROOT}/replay_dag/cross_venue_fair_price_trade_1s_v1/all_venues/2026-04-23-aaa41be841f36f07.parquet.manifest.json""]",5651067,5656576,2,2,2026-08-01T11:46:02.875814Z,2026-08-01T11:46:02.881505Z,candidate token is referenced outside its own payload/manifest; preserve
frozen_historical_referenced,byte_identical_superseded_cross_venue_variant,${NARROWGATE_CACHE_ROOT}/replay_dag/cross_venue_fair_price_trade_1s_v1/all_venues,"[""${NARROWGATE_CACHE_ROOT}/replay_dag/cross_venue_fair_price_trade_1s_v1/all_venues/2026-05-01-e5443657cc918803.parquet"",""${NARROWGATE_CACHE_ROOT}/replay_dag/cross_venue_fair_price_trade_1s_v1/all_venues/2026-05-01-e5443657cc918803.parquet.manifest.json""]",5634128,5636096,2,2,2026-08-01T11:46:08.765710Z,2026-08-01T11:46:08.771320Z,candidate token is referenced outside its own payload/manifest; preserve
frozen_historical_referenced,byte_identical_superseded_cross_venue_variant,${NARROWGATE_CACHE_ROOT}/replay_dag/cross_venue_fair_price_trade_1s_v1/all_venues,"[""${NARROWGATE_CACHE_ROOT}/replay_dag/cross_venue_fair_price_trade_1s_v1/all_venues/2026-05-02-9e7b6fcbfa7552f3.parquet"",""${NARROWGATE_CACHE_ROOT}/replay_dag/cross_venue_fair_price_trade_1s_v1/all_venues/2026-05-02-9e7b6fcbfa7552f3.parquet.manifest.json""]",5548222,5550080,2,2,2026-08-01T11:46:14.392720Z,2026-08-01T11:46:14.397865Z,candidate token is referenced outside its own payload/manifest; preserve
frozen_historical_referenced,byte_identical_superseded_cross_venue_variant,${NARROWGATE_CACHE_ROOT}/replay_dag/cross_venue_fair_price_trade_1s_v1/all_venues,"[""${NARROWGATE_CACHE_ROOT}/replay_dag/cross_venue_fair_price_trade_1s_v1/all_venues/2026-05-03-ad1ff6f9e59db2dd.parquet"",""${NARROWGATE_CACHE_ROOT}/replay_dag/cross_venue_fair_price_trade_1s_v1/all_venues/2026-05-03-ad1ff6f9e59db2dd.parquet.manifest.json""]",5573050,5574656,2,2,2026-08-01T11:46:21.509197Z,2026-08-01T11:46:21.514761Z,candidate token is referenced outside its own payload/manifest; preserve
frozen_historical_referenced,byte_identical_superseded_cross_venue_variant,${NARROWGATE_CACHE_ROOT}/replay_dag/cross_venue_fair_price_trade_1s_v1/all_venues,"[""${NARROWGATE_CACHE_ROOT}/replay_dag/cross_venue_fair_price_trade_1s_v1/all_venues/2026-05-04-b0a6f390d202b5b4.parquet"",""${NARROWGATE_CACHE_ROOT}/replay_dag/cross_venue_fair_price_trade_1s_v1/all_venues/2026-05-04-b0a6f390d202b5b4.parquet.manifest.json""]",5645259,5648384,2,2,2026-08-01T11:46:27.504785Z,2026-08-01T11:46:27.510750Z,candidate token is referenced outside its own payload/manifest; preserve
frozen_historical_referenced,byte_identical_superseded_cross_venue_variant,${NARROWGATE_CACHE_ROOT}/replay_dag/cross_venue_fair_price_trade_1s_v1/all_venues,"[""${NARROWGATE_CACHE_ROOT}/replay_dag/cross_venue_fair_price_trade_1s_v1/all_venues/2026-05-05-c894e50df4f7bd3d.parquet"",""${NARROWGATE_CACHE_ROOT}/replay_dag/cross_venue_fair_price_trade_1s_v1/all_venues/2026-05-05-c894e50df4f7bd3d.parquet.manifest.json""]",5642089,5644288,2,2,2026-08-01T11:46:33.710115Z,2026-08-01T11:46:33.716512Z,candidate token is referenced outside its own payload/manifest; preserve
frozen_historical_referenced,byte_identical_superseded_cross_venue_variant,${NARROWGATE_CACHE_ROOT}/replay_dag/cross_venue_fair_price_trade_1s_v1/all_venues,"[""${NARROWGATE_CACHE_ROOT}/replay_dag/cross_venue_fair_price_trade_1s_v1/all_venues/2026-05-06-473b3a321750cf76.parquet"",""${NARROWGATE_CACHE_ROOT}/replay_dag/cross_venue_fair_price_trade_1s_v1/all_venues/2026-05-06-473b3a321750cf76.parquet.manifest.json""]",5633389,5636096,2,2,2026-08-01T11:46:39.735421Z,2026-08-01T11:46:39.740938Z,candidate token is referenced outside its own payload/manifest; preserve
frozen_historical_referenced,byte_identical_superseded_cross_venue_variant,${NARROWGATE_CACHE_ROOT}/replay_dag/cross_venue_fair_price_trade_1s_v1/all_venues,"[""${NARROWGATE_CACHE_ROOT}/replay_dag/cross_venue_fair_price_trade_1s_v1/all_venues/2026-05-13-2767e959b3fde67e.parquet"",""${NARROWGATE_CACHE_ROOT}/replay_dag/cross_venue_fair_price_trade_1s_v1/all_venues/2026-05-13-2767e959b3fde67e.parquet.manifest.json""]",5625867,5627904,2,2,2026-08-01T11:46:47.520673Z,2026-08-01T11:46:47.526528Z,candidate token is referenced outside its own payload/manifest; preserve
frozen_historical_referenced,byte_identical_superseded_cross_venue_variant,${NARROWGATE_CACHE_ROOT}/replay_dag/cross_venue_fair_price_trade_1s_v1/all_venues,"[""${NARROWGATE_CACHE_ROOT}/replay_dag/cross_venue_fair_price_trade_1s_v1/all_venues/2026-05-29-4baeb6ab97c62764.parquet"",""${NARROWGATE_CACHE_ROOT}/replay_dag/cross_venue_fair_price_trade_1s_v1/all_venues/2026-05-29-4baeb6ab97c62764.parquet.manifest.json""]",5567907,5570560,2,2,2026-08-01T11:46:54.007571Z,2026-08-01T11:46:54.013229Z,candidate token is referenced outside its own payload/manifest; preserve
frozen_historical_referenced,byte_identical_superseded_cross_venue_variant,${NARROWGATE_CACHE_ROOT}/replay_dag/cross_venue_fair_price_trade_1s_v1/all_venues,"[""${NARROWGATE_CACHE_ROOT}/replay_dag/cross_venue_fair_price_trade_1s_v1/all_venues/2026-05-30-85195c75de099273.parquet"",""${NARROWGATE_CACHE_ROOT}/replay_dag/cross_venue_fair_price_trade_1s_v1/all_venues/2026-05-30-85195c75de099273.parquet.manifest.json""]",5393565,5398528,2,2,2026-08-01T11:46:59.852554Z,2026-08-01T11:46:59.857926Z,candidate token is referenced outside its own payload/manifest; preserve
frozen_historical_referenced,byte_identical_superseded_cross_venue_variant,${NARROWGATE_CACHE_ROOT}/replay_dag/cross_venue_fair_price_trade_1s_v1/all_venues,"[""${NARROWGATE_CACHE_ROOT}/replay_dag/cross_venue_fair_price_trade_1s_v1/all_venues/2026-05-31-47875c99e026391f.parquet"",""${NARROWGATE_CACHE_ROOT}/replay_dag/cross_venue_fair_price_trade_1s_v1/all_venues/2026-05-31-47875c99e026391f.parquet.manifest.json""]",5359972,5361664,2,2,2026-08-01T11:47:05.587886Z,2026-08-01T11:47:05.593204Z,candidate token is referenced outside its own payload/manifest; preserve
frozen_historical_referenced,byte_identical_superseded_cross_venue_variant,${NARROWGATE_CACHE_ROOT}/replay_dag/cross_venue_fair_price_trade_1s_v1/all_venues,"[""${NARROWGATE_CACHE_ROOT}/replay_dag/cross_venue_fair_price_trade_1s_v1/all_venues/2026-06-02-9822eec0341f5a03.parquet"",""${NARROWGATE_CACHE_ROOT}/replay_dag/cross_venue_fair_price_trade_1s_v1/all_venues/2026-06-02-9822eec0341f5a03.parquet.manifest.json""]",5607771,5611520,2,2,2026-08-01T11:47:13.467133Z,2026-08-01T11:47:13.472829Z,candidate token is referenced outside its own payload/manifest; preserve
frozen_historical_referenced,byte_identical_superseded_cross_venue_variant,${NARROWGATE_CACHE_ROOT}/replay_dag/cross_venue_fair_price_trade_1s_v1/all_venues,"[""${NARROWGATE_CACHE_ROOT}/replay_dag/cross_venue_fair_price_trade_1s_v1/all_venues/2026-06-03-12c9f8ba0f352a5f.parquet"",""${NARROWGATE_CACHE_ROOT}/replay_dag/cross_venue_fair_price_trade_1s_v1/all_venues/2026-06-03-12c9f8ba0f352a5f.parquet.manifest.json""]",5648086,5652480,2,2,2026-08-01T11:47:20.267714Z,2026-08-01T11:47:20.273641Z,candidate token is referenced outside its own payload/manifest; preserve
frozen_historical_referenced,byte_identical_superseded_cross_venue_variant,${NARROWGATE_CACHE_ROOT}/replay_dag/cross_venue_fair_price_trade_1s_v1/all_venues,"[""${NARROWGATE_CACHE_ROOT}/replay_dag/cross_venue_fair_price_trade_1s_v1/all_venues/2026-06-05-809c6da9b25f0203.parquet"",""${NARROWGATE_CACHE_ROOT}/replay_dag/cross_venue_fair_price_trade_1s_v1/all_venues/2026-06-05-809c6da9b25f0203.parquet.manifest.json""]",5609559,5611520,2,2,2026-08-01T11:47:26.914721Z,2026-08-01T11:47:26.919755Z,candidate token is referenced outside its own payload/manifest; preserve
frozen_historical_referenced,byte_identical_superseded_cross_venue_variant,${NARROWGATE_CACHE_ROOT}/replay_dag/cross_venue_fair_price_trade_1s_v1/all_venues,"[""${NARROWGATE_CACHE_ROOT}/replay_dag/cross_venue_fair_price_trade_1s_v1/all_venues/2026-06-06-9c2083c7d224e4dd.parquet"",""${NARROWGATE_CACHE_ROOT}/replay_dag/cross_venue_fair_price_trade_1s_v1/all_venues/2026-06-06-9c2083c7d224e4dd.parquet.manifest.json""]",5623922,5627904,2,2,2026-08-01T11:47:33.481576Z,2026-08-01T11:47:33.487486Z,candidate token is referenced outside its own payload/manifest; preserve
frozen_historical_referenced,byte_identical_superseded_cross_venue_variant,${NARROWGATE_CACHE_ROOT}/replay_dag/cross_venue_fair_price_trade_1s_v1/all_venues,"[""${NARROWGATE_CACHE_ROOT}/replay_dag/cross_venue_fair_price_trade_1s_v1/all_venues/2026-06-07-b936bdc132a40e1c.parquet"",""${NARROWGATE_CACHE_ROOT}/replay_dag/cross_venue_fair_price_trade_1s_v1/all_venues/2026-06-07-b936bdc132a40e1c.parquet.manifest.json""]",5639440,5644288,2,2,2026-08-01T11:47:41.285676Z,2026-08-01T11:47:41.291726Z,candidate token is referenced outside its own payload/manifest; preserve
frozen_historical_referenced,byte_identical_superseded_cross_venue_variant,${NARROWGATE_CACHE_ROOT}/replay_dag/cross_venue_fair_price_trade_1s_v1/all_venues,"[""${NARROWGATE_CACHE_ROOT}/replay_dag/cross_venue_fair_price_trade_1s_v1/all_venues/2026-06-08-07c17f4edf485204.parquet"",""${NARROWGATE_CACHE_ROOT}/replay_dag/cross_venue_fair_price_trade_1s_v1/all_venues/2026-06-08-07c17f4edf485204.parquet.manifest.json""]",5651084,5656576,2,2,2026-08-01T11:47:48.381197Z,2026-08-01T11:47:48.387112Z,candidate token is referenced outside its own payload/manifest; preserve
frozen_historical_referenced,byte_identical_superseded_cross_venue_variant,${NARROWGATE_CACHE_ROOT}/replay_dag/cross_venue_fair_price_trade_1s_v1/all_venues,"[""${NARROWGATE_CACHE_ROOT}/replay_dag/cross_venue_fair_price_trade_1s_v1/all_venues/2026-06-09-0a69cbfea12ff0d7.parquet"",""${NARROWGATE_CACHE_ROOT}/replay_dag/cross_venue_fair_price_trade_1s_v1/all_venues/2026-06-09-0a69cbfea12ff0d7.parquet.manifest.json""]",5648032,5652480,2,2,2026-08-01T11:47:55.053645Z,2026-08-01T11:47:55.059944Z,candidate token is referenced outside its own payload/manifest; preserve
frozen_historical_referenced,byte_identical_superseded_cross_venue_variant,${NARROWGATE_CACHE_ROOT}/replay_dag/cross_venue_fair_price_trade_1s_v1/all_venues,"[""${NARROWGATE_CACHE_ROOT}/replay_dag/cross_venue_fair_price_trade_1s_v1/all_venues/2026-06-10-1a18b2a69bf0b12f.parquet"",""${NARROWGATE_CACHE_ROOT}/replay_dag/cross_venue_fair_price_trade_1s_v1/all_venues/2026-06-10-1a18b2a69bf0b12f.parquet.manifest.json""]",5645802,5648384,2,2,2026-08-01T11:48:01.714852Z,2026-08-01T11:48:01.721121Z,candidate token is referenced outside its own payload/manifest; preserve
frozen_historical_referenced,byte_identical_superseded_cross_venue_variant,${NARROWGATE_CACHE_ROOT}/replay_dag/cross_venue_fair_price_trade_1s_v1/all_venues,"[""${NARROWGATE_CACHE_ROOT}/replay_dag/cross_venue_fair_price_trade_1s_v1/all_venues/2026-06-11-aa2ab6a55700a1d5.parquet"",""${NARROWGATE_CACHE_ROOT}/replay_dag/cross_venue_fair_price_trade_1s_v1/all_venues/2026-06-11-aa2ab6a55700a1d5.parquet.manifest.json""]",5644764,5648384,2,2,2026-08-01T11:48:09.453092Z,2026-08-01T11:48:09.458507Z,candidate token is referenced outside its own payload/manifest; preserve
frozen_historical_referenced,byte_identical_superseded_cross_venue_variant,${NARROWGATE_CACHE_ROOT}/replay_dag/cross_venue_fair_price_trade_1s_v1/all_venues,"[""${NARROWGATE_CACHE_ROOT}/replay_dag/cross_venue_fair_price_trade_1s_v1/all_venues/2026-06-12-41d3eae4280165c5.parquet"",""${NARROWGATE_CACHE_ROOT}/replay_dag/cross_venue_fair_price_trade_1s_v1/all_venues/2026-06-12-41d3eae4280165c5.parquet.manifest.json""]",5612201,5615616,2,2,2026-08-01T11:48:16.597909Z,2026-08-01T11:48:16.603998Z,candidate token is referenced outside its own payload/manifest; preserve
frozen_historical_referenced,byte_identical_superseded_cross_venue_variant,${NARROWGATE_CACHE_ROOT}/replay_dag/cross_venue_fair_price_trade_1s_v1/all_venues,"[""${NARROWGATE_CACHE_ROOT}/replay_dag/cross_venue_fair_price_trade_1s_v1/all_venues/2026-06-13-305f8097117f843a.parquet"",""${NARROWGATE_CACHE_ROOT}/replay_dag/cross_venue_fair_price_trade_1s_v1/all_venues/2026-06-13-305f8097117f843a.parquet.manifest.json""]",5603741,5607424,2,2,2026-08-01T11:48:23.051431Z,2026-08-01T11:48:23.056955Z,candidate token is referenced outside its own payload/manifest; preserve
frozen_historical_referenced,byte_identical_superseded_cross_venue_variant,${NARROWGATE_CACHE_ROOT}/replay_dag/cross_venue_fair_price_trade_1s_v1/all_venues,"[""${NARROWGATE_CACHE_ROOT}/replay_dag/cross_venue_fair_price_trade_1s_v1/all_venues/2026-06-14-a7f8d533a538b811.parquet"",""${NARROWGATE_CACHE_ROOT}/replay_dag/cross_venue_fair_price_trade_1s_v1/all_venues/2026-06-14-a7f8d533a538b811.parquet.manifest.json""]",5621406,5623808,2,2,2026-08-01T11:48:29.537359Z,2026-08-01T11:48:29.543161Z,candidate token is referenced outside its own payload/manifest; preserve
frozen_historical_referenced,byte_identical_superseded_cross_venue_variant,${NARROWGATE_CACHE_ROOT}/replay_dag/cross_venue_fair_price_trade_1s_v1/all_venues,"[""${NARROWGATE_CACHE_ROOT}/replay_dag/cross_venue_fair_price_trade_1s_v1/all_venues/2026-06-15-9e3fa258e8687884.parquet"",""${NARROWGATE_CACHE_ROOT}/replay_dag/cross_venue_fair_price_trade_1s_v1/all_venues/2026-06-15-9e3fa258e8687884.parquet.manifest.json""]",5652131,5656576,2,2,2026-08-01T11:48:37.197650Z,2026-08-01T11:48:37.203810Z,candidate token is referenced outside its own payload/manifest; preserve
frozen_historical_referenced,byte_identical_superseded_cross_venue_variant,${NARROWGATE_CACHE_ROOT}/replay_dag/cross_venue_fair_price_trade_1s_v1/all_venues,"[""${NARROWGATE_CACHE_ROOT}/replay_dag/cross_venue_fair_price_trade_1s_v1/all_venues/2026-06-16-0000858861625a9d.parquet"",""${NARROWGATE_CACHE_ROOT}/replay_dag/cross_venue_fair_price_trade_1s_v1/all_venues/2026-06-16-0000858861625a9d.parquet.manifest.json""]",5622025,5623808,2,2,2026-08-01T11:48:44.657814Z,2026-08-01T11:48:44.664207Z,candidate token is referenced outside its own payload/manifest; preserve
frozen_historical_referenced,byte_identical_superseded_cross_venue_variant,${NARROWGATE_CACHE_ROOT}/replay_dag/cross_venue_fair_price_trade_1s_v1/all_venues,"[""${NARROWGATE_CACHE_ROOT}/replay_dag/cross_venue_fair_price_trade_1s_v1/all_venues/2026-06-17-fa24897edbb74d30.parquet"",""${NARROWGATE_CACHE_ROOT}/replay_dag/cross_venue_fair_price_trade_1s_v1/all_venues/2026-06-17-fa24897edbb74d30.parquet.manifest.json""]",5633160,5636096,2,2,2026-08-01T11:48:51.707758Z,2026-08-01T11:48:51.712959Z,candidate token is referenced outside its own payload/manifest; preserve
frozen_historical_referenced,byte_identical_superseded_cross_venue_variant,${NARROWGATE_CACHE_ROOT}/replay_dag/cross_venue_fair_price_trade_1s_v1/all_venues,"[""${NARROWGATE_CACHE_ROOT}/replay_dag/cross_venue_fair_price_trade_1s_v1/all_venues/2026-06-18-7f446c0f3325535b.parquet"",""${NARROWGATE_CACHE_ROOT}/replay_dag/cross_venue_fair_price_trade_1s_v1/all_venues/2026-06-18-7f446c0f3325535b.parquet.manifest.json""]",5645498,5648384,2,2,2026-08-01T11:48:58.913876Z,2026-08-01T11:48:58.919891Z,candidate token is referenced outside its own payload/manifest; preserve
frozen_historical_referenced,byte_identical_superseded_cross_venue_variant,${NARROWGATE_CACHE_ROOT}/replay_dag/cross_venue_fair_price_trade_1s_v1/all_venues,"[""${NARROWGATE_CACHE_ROOT}/replay_dag/cross_venue_fair_price_trade_1s_v1/all_venues/2026-06-19-cc09db9f1e5e590e.parquet"",""${NARROWGATE_CACHE_ROOT}/replay_dag/cross_venue_fair_price_trade_1s_v1/all_venues/2026-06-19-cc09db9f1e5e590e.parquet.manifest.json""]",5578109,5582848,2,2,2026-08-01T11:49:06.934607Z,2026-08-01T11:49:06.940676Z,candidate token is referenced outside its own payload/manifest; preserve
frozen_historical_referenced,byte_identical_superseded_cross_venue_variant,${NARROWGATE_CACHE_ROOT}/replay_dag/cross_venue_fair_price_trade_1s_v1/all_venues,"[""${NARROWGATE_CACHE_ROOT}/replay_dag/cross_venue_fair_price_trade_1s_v1/all_venues/2026-06-20-140ea2ed021a3e83.parquet"",""${NARROWGATE_CACHE_ROOT}/replay_dag/cross_venue_fair_price_trade_1s_v1/all_venues/2026-06-20-140ea2ed021a3e83.parquet.manifest.json""]",5547198,5550080,2,2,2026-08-01T11:49:14.731005Z,2026-08-01T11:49:14.737245Z,candidate token is referenced outside its own payload/manifest; preserve
frozen_historical_referenced,byte_identical_superseded_cross_venue_variant,${NARROWGATE_CACHE_ROOT}/replay_dag/cross_venue_fair_price_trade_1s_v1/all_venues,"[""${NARROWGATE_CACHE_ROOT}/replay_dag/cross_venue_fair_price_trade_1s_v1/all_venues/2026-06-21-91b710ed06245258.parquet"",""${NARROWGATE_CACHE_ROOT}/replay_dag/cross_venue_fair_price_trade_1s_v1/all_venues/2026-06-21-91b710ed06245258.parquet.manifest.json""]",5549969,5554176,2,2,2026-08-01T11:49:21.944937Z,2026-08-01T11:49:21.951616Z,candidate token is referenced outside its own payload/manifest; preserve
frozen_historical_referenced,byte_identical_superseded_cross_venue_variant,${NARROWGATE_CACHE_ROOT}/replay_dag/cross_venue_fair_price_trade_1s_v1/all_venues,"[""${NARROWGATE_CACHE_ROOT}/replay_dag/cross_venue_fair_price_trade_1s_v1/all_venues/2026-06-22-b1f5c098303e9af9.parquet"",""${NARROWGATE_CACHE_ROOT}/replay_dag/cross_venue_fair_price_trade_1s_v1/all_venues/2026-06-22-b1f5c098303e9af9.parquet.manifest.json""]",5632941,5636096,2,2,2026-08-01T11:49:29.574134Z,2026-08-01T11:49:29.580870Z,candidate token is referenced outside its own payload/manifest; preserve
frozen_historical_referenced,byte_identical_superseded_cross_venue_variant,${NARROWGATE_CACHE_ROOT}/replay_dag/cross_venue_fair_price_trade_1s_v1/all_venues,"[""${NARROWGATE_CACHE_ROOT}/replay_dag/cross_venue_fair_price_trade_1s_v1/all_venues/2026-06-23-071c383fda71c3d3.parquet"",""${NARROWGATE_CACHE_ROOT}/replay_dag/cross_venue_fair_price_trade_1s_v1/all_venues/2026-06-23-071c383fda71c3d3.parquet.manifest.json""]",5600068,5603328,2,2,2026-08-01T11:49:38.077325Z,2026-08-01T11:49:38.083987Z,candidate token is referenced outside its own payload/manifest; preserve
frozen_historical_referenced,byte_identical_superseded_cross_venue_variant,${NARROWGATE_CACHE_ROOT}/replay_dag/cross_venue_fair_price_trade_1s_v1/all_venues,"[""${NARROWGATE_CACHE_ROOT}/replay_dag/cross_venue_fair_price_trade_1s_v1/all_venues/2026-06-24-65ee132b1c9920a6.parquet"",""${NARROWGATE_CACHE_ROOT}/replay_dag/cross_venue_fair_price_trade_1s_v1/all_venues/2026-06-24-65ee132b1c9920a6.parquet.manifest.json""]",5630753,5636096,2,2,2026-08-01T11:49:46.470147Z,2026-08-01T11:49:46.476736Z,candidate token is referenced outside its own payload/manifest; preserve
frozen_historical_referenced,byte_identical_superseded_cross_venue_variant,${NARROWGATE_CACHE_ROOT}/replay_dag/cross_venue_fair_price_trade_1s_v1/all_venues,"[""${NARROWGATE_CACHE_ROOT}/replay_dag/cross_venue_fair_price_trade_1s_v1/all_venues/2026-06-25-e5952cc5b00c5a36.parquet"",""${NARROWGATE_CACHE_ROOT}/replay_dag/cross_venue_fair_price_trade_1s_v1/all_venues/2026-06-25-e5952cc5b00c5a36.parquet.manifest.json""]",5642037,5644288,2,2,2026-08-01T11:49:54.659926Z,2026-08-01T11:49:54.666164Z,candidate token is referenced outside its own payload/manifest; preserve
frozen_historical_referenced,byte_identical_superseded_cross_venue_variant,${NARROWGATE_CACHE_ROOT}/replay_dag/cross_venue_fair_price_trade_1s_v1/all_venues,"[""${NARROWGATE_CACHE_ROOT}/replay_dag/cross_venue_fair_price_trade_1s_v1/all_venues/2026-06-26-b7450b4405500708.parquet"",""${NARROWGATE_CACHE_ROOT}/replay_dag/cross_venue_fair_price_trade_1s_v1/all_venues/2026-06-26-b7450b4405500708.parquet.manifest.json""]",5636781,5640192,2,2,2026-08-01T11:50:02.579186Z,2026-08-01T11:50:02.584079Z,candidate token is referenced outside its own payload/manifest; preserve
frozen_historical_referenced,byte_identical_superseded_cross_venue_variant,${NARROWGATE_CACHE_ROOT}/replay_dag/cross_venue_fair_price_trade_1s_v1/leave_bitget_out,"[""${NARROWGATE_CACHE_ROOT}/replay_dag/cross_venue_fair_price_trade_1s_v1/leave_bitget_out/2026-04-17-30f4eebf23f736ca.parquet"",""${NARROWGATE_CACHE_ROOT}/replay_dag/cross_venue_fair_price_trade_1s_v1/leave_bitget_out/2026-04-17-30f4eebf23f736ca.parquet.manifest.json""]",5522666,5525504,2,2,2026-08-01T11:45:31.549242Z,2026-08-01T11:45:31.553797Z,candidate token is referenced outside its own payload/manifest; preserve
frozen_historical_referenced,byte_identical_superseded_cross_venue_variant,${NARROWGATE_CACHE_ROOT}/replay_dag/cross_venue_fair_price_trade_1s_v1/leave_bitget_out,"[""${NARROWGATE_CACHE_ROOT}/replay_dag/cross_venue_fair_price_trade_1s_v1/leave_bitget_out/2026-04-18-74c0cfde2dc8e180.parquet"",""${NARROWGATE_CACHE_ROOT}/replay_dag/cross_venue_fair_price_trade_1s_v1/leave_bitget_out/2026-04-18-74c0cfde2dc8e180.parquet.manifest.json""]",5391293,5394432,2,2,2026-08-01T11:45:36.663128Z,2026-08-01T11:45:36.667804Z,candidate token is referenced outside its own payload/manifest; preserve
frozen_historical_referenced,byte_identical_superseded_cross_venue_variant,${NARROWGATE_CACHE_ROOT}/replay_dag/cross_venue_fair_price_trade_1s_v1/leave_bitget_out,"[""${NARROWGATE_CACHE_ROOT}/replay_dag/cross_venue_fair_price_trade_1s_v1/leave_bitget_out/2026-04-19-a2c216d15b872c29.parquet"",""${NARROWGATE_CACHE_ROOT}/replay_dag/cross_venue_fair_price_trade_1s_v1/leave_bitget_out/2026-04-19-a2c216d15b872c29.parquet.manifest.json""]",5439582,5443584,2,2,2026-08-01T11:45:41.991355Z,2026-08-01T11:45:41.995587Z,candidate token is referenced outside its own payload/manifest; preserve
frozen_historical_referenced,byte_identical_superseded_cross_venue_variant,${NARROWGATE_CACHE_ROOT}/replay_dag/cross_venue_fair_price_trade_1s_v1/leave_bitget_out,"[""${NARROWGATE_CACHE_ROOT}/replay_dag/cross_venue_fair_price_trade_1s_v1/leave_bitget_out/2026-04-20-e37af68127ee94f7.parquet"",""${NARROWGATE_CACHE_ROOT}/replay_dag/cross_venue_fair_price_trade_1s_v1/leave_bitget_out/2026-04-20-e37af68127ee94f7.parquet.manifest.json""]",5544310,5545984,2,2,2026-08-01T11:45:49.195188Z,2026-08-01T11:45:49.199588Z,candidate token is referenced outside its own payload/manifest; preserve
frozen_historical_referenced,byte_identical_superseded_cross_venue_variant,${NARROWGATE_CACHE_ROOT}/replay_dag/cross_venue_fair_price_trade_1s_v1/leave_bitget_out,"[""${NARROWGATE_CACHE_ROOT}/replay_dag/cross_venue_fair_price_trade_1s_v1/leave_bitget_out/2026-04-22-4cfcda0175680666.parquet"",""${NARROWGATE_CACHE_ROOT}/replay_dag/cross_venue_fair_price_trade_1s_v1/leave_bitget_out/2026-04-22-4cfcda0175680666.parquet.manifest.json""]",5586101,5591040,2,2,2026-08-01T11:45:55.014681Z,2026-08-01T11:45:55.019642Z,candidate token is referenced outside its own payload/manifest; preserve
frozen_historical_referenced,byte_identical_superseded_cross_venue_variant,${NARROWGATE_CACHE_ROOT}/replay_dag/cross_venue_fair_price_trade_1s_v1/leave_bitget_out,"[""${NARROWGATE_CACHE_ROOT}/replay_dag/cross_venue_fair_price_trade_1s_v1/leave_bitget_out/2026-04-23-718fb3a2034f88c1.parquet"",""${NARROWGATE_CACHE_ROOT}/replay_dag/cross_venue_fair_price_trade_1s_v1/leave_bitget_out/2026-04-23-718fb3a2034f88c1.parquet.manifest.json""]",5588454,5591040,2,2,2026-08-01T11:46:00.886067Z,2026-08-01T11:46:00.890551Z,candidate token is referenced outside its own payload/manifest; preserve
frozen_historical_referenced,byte_identical_superseded_cross_venue_variant,${NARROWGATE_CACHE_ROOT}/replay_dag/cross_venue_fair_price_trade_1s_v1/leave_bitget_out,"[""${NARROWGATE_CACHE_ROOT}/replay_dag/cross_venue_fair_price_trade_1s_v1/leave_bitget_out/2026-05-01-e8cdafc0c595512d.parquet"",""${NARROWGATE_CACHE_ROOT}/replay_dag/cross_venue_fair_price_trade_1s_v1/leave_bitget_out/2026-05-01-e8cdafc0c595512d.parquet.manifest.json""]",5465732,5468160,2,2,2026-08-01T11:46:06.830577Z,2026-08-01T11:46:06.835558Z,candidate token is referenced outside its own payload/manifest; preserve
frozen_historical_referenced,byte_identical_superseded_cross_venue_variant,${NARROWGATE_CACHE_ROOT}/replay_dag/cross_venue_fair_price_trade_1s_v1/leave_bitget_out,"[""${NARROWGATE_CACHE_ROOT}/replay_dag/cross_venue_fair_price_trade_1s_v1/leave_bitget_out/2026-05-02-d5c232b3c2b1d0fe.parquet"",""${NARROWGATE_CACHE_ROOT}/replay_dag/cross_venue_fair_price_trade_1s_v1/leave_bitget_out/2026-05-02-d5c232b3c2b1d0fe.parquet.manifest.json""]",5095431,5099520,2,2,2026-08-01T11:46:14.155037Z,2026-08-01T11:46:14.160228Z,candidate token is referenced outside its own payload/manifest; preserve
frozen_historical_referenced,byte_identical_superseded_cross_venue_variant,${NARROWGATE_CACHE_ROOT}/replay_dag/cross_venue_fair_price_trade_1s_v1/leave_bitget_out,"[""${NARROWGATE_CACHE_ROOT}/replay_dag/cross_venue_fair_price_trade_1s_v1/leave_bitget_out/2026-05-03-e2adf3bcd2e3e729.parquet"",""${NARROWGATE_CACHE_ROOT}/replay_dag/cross_venue_fair_price_trade_1s_v1/leave_bitget_out/2026-05-03-e2adf3bcd2e3e729.parquet.manifest.json""]",5174426,5177344,2,2,2026-08-01T11:46:19.727347Z,2026-08-01T11:46:19.733044Z,candidate token is referenced outside its own payload/manifest; preserve
frozen_historical_referenced,byte_identical_superseded_cross_venue_variant,${NARROWGATE_CACHE_ROOT}/replay_dag/cross_venue_fair_price_trade_1s_v1/leave_bitget_out,"[""${NARROWGATE_CACHE_ROOT}/replay_dag/cross_venue_fair_price_trade_1s_v1/leave_bitget_out/2026-05-04-70192e6d0b5f719c.parquet"",""${NARROWGATE_CACHE_ROOT}/replay_dag/cross_venue_fair_price_trade_1s_v1/leave_bitget_out/2026-05-04-70192e6d0b5f719c.parquet.manifest.json""]",5557928,5562368,2,2,2026-08-01T11:46:25.568078Z,2026-08-01T11:46:25.572438Z,candidate token is referenced outside its own payload/manifest; preserve
frozen_historical_referenced,byte_identical_superseded_cross_venue_variant,${NARROWGATE_CACHE_ROOT}/replay_dag/cross_venue_fair_price_trade_1s_v1/leave_bitget_out,"[""${NARROWGATE_CACHE_ROOT}/replay_dag/cross_venue_fair_price_trade_1s_v1/leave_bitget_out/2026-05-05-ffec8cae2654a7d5.parquet"",""${NARROWGATE_CACHE_ROOT}/replay_dag/cross_venue_fair_price_trade_1s_v1/leave_bitget_out/2026-05-05-ffec8cae2654a7d5.parquet.manifest.json""]",5545197,5550080,2,2,2026-08-01T11:46:31.642270Z,2026-08-01T11:46:31.648061Z,candidate token is referenced outside its own payload/manifest; preserve
frozen_historical_referenced,byte_identical_superseded_cross_venue_variant,${NARROWGATE_CACHE_ROOT}/replay_dag/cross_venue_fair_price_trade_1s_v1/leave_bitget_out,"[""${NARROWGATE_CACHE_ROOT}/replay_dag/cross_venue_fair_price_trade_1s_v1/leave_bitget_out/2026-05-06-bf9145dc69c6db13.parquet"",""${NARROWGATE_CACHE_ROOT}/replay_dag/cross_venue_fair_price_trade_1s_v1/leave_bitget_out/2026-05-06-bf9145dc69c6db13.parquet.manifest.json""]",5493576,5496832,2,2,2026-08-01T11:46:39.128826Z,2026-08-01T11:46:39.134126Z,candidate token is referenced outside its own payload/manifest; preserve
frozen_historical_referenced,byte_identical_superseded_cross_venue_variant,${NARROWGATE_CACHE_ROOT}/replay_dag/cross_venue_fair_price_trade_1s_v1/leave_bitget_out,"[""${NARROWGATE_CACHE_ROOT}/replay_dag/cross_venue_fair_price_trade_1s_v1/leave_bitget_out/2026-05-13-0e3c7714cf8c99ae.parquet"",""${NARROWGATE_CACHE_ROOT}/replay_dag/cross_venue_fair_price_trade_1s_v1/leave_bitget_out/2026-05-13-0e3c7714cf8c99ae.parquet.manifest.json""]",5409294,5410816,2,2,2026-08-01T11:46:45.806653Z,2026-08-01T11:46:45.812239Z,candidate token is referenced outside its own payload/manifest; preserve
frozen_historical_referenced,byte_identical_superseded_cross_venue_variant,${NARROWGATE_CACHE_ROOT}/replay_dag/cross_venue_fair_price_trade_1s_v1/leave_bitget_out,"[""${NARROWGATE_CACHE_ROOT}/replay_dag/cross_venue_fair_price_trade_1s_v1/leave_bitget_out/2026-05-29-77b9577c36d3fe78.parquet"",""${NARROWGATE_CACHE_ROOT}/replay_dag/cross_venue_fair_price_trade_1s_v1/leave_bitget_out/2026-05-29-77b9577c36d3fe78.parquet.manifest.json""]",5338343,5341184,2,2,2026-08-01T11:46:51.986523Z,2026-08-01T11:46:51.991994Z,candidate token is referenced outside its own payload/manifest; preserve
frozen_historical_referenced,byte_identical_superseded_cross_venue_variant,${NARROWGATE_CACHE_ROOT}/replay_dag/cross_venue_fair_price_trade_1s_v1/leave_bitget_out,"[""${NARROWGATE_CACHE_ROOT}/replay_dag/cross_venue_fair_price_trade_1s_v1/leave_bitget_out/2026-05-30-bbeaf4d7f6d50422.parquet"",""${NARROWGATE_CACHE_ROOT}/replay_dag/cross_venue_fair_price_trade_1s_v1/leave_bitget_out/2026-05-30-bbeaf4d7f6d50422.parquet.manifest.json""]",4774704,4780032,2,2,2026-08-01T11:46:58.046331Z,2026-08-01T11:46:58.051648Z,candidate token is referenced outside its own payload/manifest; preserve
frozen_historical_referenced,byte_identical_superseded_cross_venue_variant,${NARROWGATE_CACHE_ROOT}/replay_dag/cross_venue_fair_price_trade_1s_v1/leave_bitget_out,"[""${NARROWGATE_CACHE_ROOT}/replay_dag/cross_venue_fair_price_trade_1s_v1/leave_bitget_out/2026-05-31-6d89bcfc851f842b.parquet"",""${NARROWGATE_CACHE_ROOT}/replay_dag/cross_venue_fair_price_trade_1s_v1/leave_bitget_out/2026-05-31-6d89bcfc851f842b.parquet.manifest.json""]",4768626,4771840,2,2,2026-08-01T11:47:04.931710Z,2026-08-01T11:47:04.936917Z,candidate token is referenced outside its own payload/manifest; preserve
frozen_historical_referenced,byte_identical_superseded_cross_venue_variant,${NARROWGATE_CACHE_ROOT}/replay_dag/cross_venue_fair_price_trade_1s_v1/leave_bitget_out,"[""${NARROWGATE_CACHE_ROOT}/replay_dag/cross_venue_fair_price_trade_1s_v1/leave_bitget_out/2026-06-02-c45fdd285eca3dab.parquet"",""${NARROWGATE_CACHE_ROOT}/replay_dag/cross_venue_fair_price_trade_1s_v1/leave_bitget_out/2026-06-02-c45fdd285eca3dab.parquet.manifest.json""]",5570348,5574656,2,2,2026-08-01T11:47:11.486519Z,2026-08-01T11:47:11.491571Z,candidate token is referenced outside its own payload/manifest; preserve
frozen_historical_referenced,byte_identical_superseded_cross_venue_variant,${NARROWGATE_CACHE_ROOT}/replay_dag/cross_venue_fair_price_trade_1s_v1/leave_bitget_out,"[""${NARROWGATE_CACHE_ROOT}/replay_dag/cross_venue_fair_price_trade_1s_v1/leave_bitget_out/2026-06-03-6f827a5022751b85.parquet"",""${NARROWGATE_CACHE_ROOT}/replay_dag/cross_venue_fair_price_trade_1s_v1/leave_bitget_out/2026-06-03-6f827a5022751b85.parquet.manifest.json""]",5623485,5627904,2,2,2026-08-01T11:47:18.071572Z,2026-08-01T11:47:18.076950Z,candidate token is referenced outside its own payload/manifest; preserve
frozen_historical_referenced,byte_identical_superseded_cross_venue_variant,${NARROWGATE_CACHE_ROOT}/replay_dag/cross_venue_fair_price_trade_1s_v1/leave_bitget_out,"[""${NARROWGATE_CACHE_ROOT}/replay_dag/cross_venue_fair_price_trade_1s_v1/leave_bitget_out/2026-06-05-7bea235e2c34f58d.parquet"",""${NARROWGATE_CACHE_ROOT}/replay_dag/cross_venue_fair_price_trade_1s_v1/leave_bitget_out/2026-06-05-7bea235e2c34f58d.parquet.manifest.json""]",5607212,5611520,2,2,2026-08-01T11:47:24.787197Z,2026-08-01T11:47:24.792952Z,candidate token is referenced outside its own payload/manifest; preserve
frozen_historical_referenced,byte_identical_superseded_cross_venue_variant,${NARROWGATE_CACHE_ROOT}/replay_dag/cross_venue_fair_price_trade_1s_v1/leave_bitget_out,"[""${NARROWGATE_CACHE_ROOT}/replay_dag/cross_venue_fair_price_trade_1s_v1/leave_bitget_out/2026-06-06-ecbb0a8f2f359376.parquet"",""${NARROWGATE_CACHE_ROOT}/replay_dag/cross_venue_fair_price_trade_1s_v1/leave_bitget_out/2026-06-06-ecbb0a8f2f359376.parquet.manifest.json""]",5497438,5500928,2,2,2026-08-01T11:47:32.760399Z,2026-08-01T11:47:32.766111Z,candidate token is referenced outside its own payload/manifest; preserve
frozen_historical_referenced,byte_identical_superseded_cross_venue_variant,${NARROWGATE_CACHE_ROOT}/replay_dag/cross_venue_fair_price_trade_1s_v1/leave_bitget_out,"[""${NARROWGATE_CACHE_ROOT}/replay_dag/cross_venue_fair_price_trade_1s_v1/leave_bitget_out/2026-06-07-2c8dc369a8d13941.parquet"",""${NARROWGATE_CACHE_ROOT}/replay_dag/cross_venue_fair_price_trade_1s_v1/leave_bitget_out/2026-06-07-2c8dc369a8d13941.parquet.manifest.json""]",5551227,5554176,2,2,2026-08-01T11:47:39.691180Z,2026-08-01T11:47:39.697749Z,candidate token is referenced outside its own payload/manifest; preserve
frozen_historical_referenced,byte_identical_superseded_cross_venue_variant,${NARROWGATE_CACHE_ROOT}/replay_dag/cross_venue_fair_price_trade_1s_v1/leave_bitget_out,"[""${NARROWGATE_CACHE_ROOT}/replay_dag/cross_venue_fair_price_trade_1s_v1/leave_bitget_out/2026-06-08-269d136b275a2380.parquet"",""${NARROWGATE_CACHE_ROOT}/replay_dag/cross_venue_fair_price_trade_1s_v1/leave_bitget_out/2026-06-08-269d136b275a2380.parquet.manifest.json""]",5593643,5595136,2,2,2026-08-01T11:47:46.297841Z,2026-08-01T11:47:46.303555Z,candidate token is referenced outside its own payload/manifest; preserve
frozen_historical_referenced,byte_identical_superseded_cross_venue_variant,${NARROWGATE_CACHE_ROOT}/replay_dag/cross_venue_fair_price_trade_1s_v1/leave_bitget_out,"[""${NARROWGATE_CACHE_ROOT}/replay_dag/cross_venue_fair_price_trade_1s_v1/leave_bitget_out/2026-06-09-1a4ab2545901af0f.parquet"",""${NARROWGATE_CACHE_ROOT}/replay_dag/cross_venue_fair_price_trade_1s_v1/leave_bitget_out/2026-06-09-1a4ab2545901af0f.parquet.manifest.json""]",5571077,5574656,2,2,2026-08-01T11:47:52.875616Z,2026-08-01T11:47:52.881251Z,candidate token is referenced outside its own payload/manifest; preserve
frozen_historical_referenced,byte_identical_superseded_cross_venue_variant,${NARROWGATE_CACHE_ROOT}/replay_dag/cross_venue_fair_price_trade_1s_v1/leave_bitget_out,"[""${NARROWGATE_CACHE_ROOT}/replay_dag/cross_venue_fair_price_trade_1s_v1/leave_bitget_out/2026-06-10-f4e14bd9ac25dc8a.parquet"",""${NARROWGATE_CACHE_ROOT}/replay_dag/cross_venue_fair_price_trade_1s_v1/leave_bitget_out/2026-06-10-f4e14bd9ac25dc8a.parquet.manifest.json""]",5582280,5586944,2,2,2026-08-01T11:48:00.719956Z,2026-08-01T11:48:00.725687Z,candidate token is referenced outside its own payload/manifest; preserve
frozen_historical_referenced,byte_identical_superseded_cross_venue_variant,${NARROWGATE_CACHE_ROOT}/replay_dag/cross_venue_fair_price_trade_1s_v1/leave_bitget_out,"[""${NARROWGATE_CACHE_ROOT}/replay_dag/cross_venue_fair_price_trade_1s_v1/leave_bitget_out/2026-06-11-d2458009e0630dcd.parquet"",""${NARROWGATE_CACHE_ROOT}/replay_dag/cross_venue_fair_price_trade_1s_v1/leave_bitget_out/2026-06-11-d2458009e0630dcd.parquet.manifest.json""]",5530308,5533696,2,2,2026-08-01T11:48:07.992773Z,2026-08-01T11:48:07.998528Z,candidate token is referenced outside its own payload/manifest; preserve
frozen_historical_referenced,byte_identical_superseded_cross_venue_variant,${NARROWGATE_CACHE_ROOT}/replay_dag/cross_venue_fair_price_trade_1s_v1/leave_bitget_out,"[""${NARROWGATE_CACHE_ROOT}/replay_dag/cross_venue_fair_price_trade_1s_v1/leave_bitget_out/2026-06-12-d488419a05da8329.parquet"",""${NARROWGATE_CACHE_ROOT}/replay_dag/cross_venue_fair_price_trade_1s_v1/leave_bitget_out/2026-06-12-d488419a05da8329.parquet.manifest.json""]",5430044,5435392,2,2,2026-08-01T11:48:14.586312Z,2026-08-01T11:48:14.592053Z,candidate token is referenced outside its own payload/manifest; preserve
frozen_historical_referenced,byte_identical_superseded_cross_venue_variant,${NARROWGATE_CACHE_ROOT}/replay_dag/cross_venue_fair_price_trade_1s_v1/leave_bitget_out,"[""${NARROWGATE_CACHE_ROOT}/replay_dag/cross_venue_fair_price_trade_1s_v1/leave_bitget_out/2026-06-13-ec5722c7f0411dcf.parquet"",""${NARROWGATE_CACHE_ROOT}/replay_dag/cross_venue_fair_price_trade_1s_v1/leave_bitget_out/2026-06-13-ec5722c7f0411dcf.parquet.manifest.json""]",5365918,5369856,2,2,2026-08-01T11:48:21.017986Z,2026-08-01T11:48:21.023424Z,candidate token is referenced outside its own payload/manifest; preserve
frozen_historical_referenced,byte_identical_superseded_cross_venue_variant,${NARROWGATE_CACHE_ROOT}/replay_dag/cross_venue_fair_price_trade_1s_v1/leave_bitget_out,"[""${NARROWGATE_CACHE_ROOT}/replay_dag/cross_venue_fair_price_trade_1s_v1/leave_bitget_out/2026-06-14-db72d6c20a9cfee7.parquet"",""${NARROWGATE_CACHE_ROOT}/replay_dag/cross_venue_fair_price_trade_1s_v1/leave_bitget_out/2026-06-14-db72d6c20a9cfee7.parquet.manifest.json""]",5446479,5451776,2,2,2026-08-01T11:48:28.309199Z,2026-08-01T11:48:28.314690Z,candidate token is referenced outside its own payload/manifest; preserve
frozen_historical_referenced,byte_identical_superseded_cross_venue_variant,${NARROWGATE_CACHE_ROOT}/replay_dag/cross_venue_fair_price_trade_1s_v1/leave_bitget_out,"[""${NARROWGATE_CACHE_ROOT}/replay_dag/cross_venue_fair_price_trade_1s_v1/leave_bitget_out/2026-06-15-566eace45a8c900a.parquet"",""${NARROWGATE_CACHE_ROOT}/replay_dag/cross_venue_fair_price_trade_1s_v1/leave_bitget_out/2026-06-15-566eace45a8c900a.parquet.manifest.json""]",5574259,5578752,2,2,2026-08-01T11:48:35.613796Z,2026-08-01T11:48:35.619865Z,candidate token is referenced outside its own payload/manifest; preserve
frozen_historical_referenced,byte_identical_superseded_cross_venue_variant,${NARROWGATE_CACHE_ROOT}/replay_dag/cross_venue_fair_price_trade_1s_v1/leave_bitget_out,"[""${NARROWGATE_CACHE_ROOT}/replay_dag/cross_venue_fair_price_trade_1s_v1/leave_bitget_out/2026-06-16-bec9d6a4caa2d03d.parquet"",""${NARROWGATE_CACHE_ROOT}/replay_dag/cross_venue_fair_price_trade_1s_v1/leave_bitget_out/2026-06-16-bec9d6a4caa2d03d.parquet.manifest.json""]",5466541,5468160,2,2,2026-08-01T11:48:42.580574Z,2026-08-01T11:48:42.586213Z,candidate token is referenced outside its own payload/manifest; preserve
frozen_historical_referenced,byte_identical_superseded_cross_venue_variant,${NARROWGATE_CACHE_ROOT}/replay_dag/cross_venue_fair_price_trade_1s_v1/leave_bitget_out,"[""${NARROWGATE_CACHE_ROOT}/replay_dag/cross_venue_fair_price_trade_1s_v1/leave_bitget_out/2026-06-17-09f126d9b6a45ba2.parquet"",""${NARROWGATE_CACHE_ROOT}/replay_dag/cross_venue_fair_price_trade_1s_v1/leave_bitget_out/2026-06-17-09f126d9b6a45ba2.parquet.manifest.json""]",5507748,5513216,2,2,2026-08-01T11:48:49.621693Z,2026-08-01T11:48:49.627746Z,candidate token is referenced outside its own payload/manifest; preserve
frozen_historical_referenced,byte_identical_superseded_cross_venue_variant,${NARROWGATE_CACHE_ROOT}/replay_dag/cross_venue_fair_price_trade_1s_v1/leave_bitget_out,"[""${NARROWGATE_CACHE_ROOT}/replay_dag/cross_venue_fair_price_trade_1s_v1/leave_bitget_out/2026-06-18-e333bece27c41b0c.parquet"",""${NARROWGATE_CACHE_ROOT}/replay_dag/cross_venue_fair_price_trade_1s_v1/leave_bitget_out/2026-06-18-e333bece27c41b0c.parquet.manifest.json""]",5557852,5562368,2,2,2026-08-01T11:48:57.621028Z,2026-08-01T11:48:57.627792Z,candidate token is referenced outside its own payload/manifest; preserve
frozen_historical_referenced,byte_identical_superseded_cross_venue_variant,${NARROWGATE_CACHE_ROOT}/replay_dag/cross_venue_fair_price_trade_1s_v1/leave_bitget_out,"[""${NARROWGATE_CACHE_ROOT}/replay_dag/cross_venue_fair_price_trade_1s_v1/leave_bitget_out/2026-06-19-28a5a6be9da62780.parquet"",""${NARROWGATE_CACHE_ROOT}/replay_dag/cross_venue_fair_price_trade_1s_v1/leave_bitget_out/2026-06-19-28a5a6be9da62780.parquet.manifest.json""]",5320460,5324800,2,2,2026-08-01T11:49:05.343783Z,2026-08-01T11:49:05.349171Z,candidate token is referenced outside its own payload/manifest; preserve
frozen_historical_referenced,byte_identical_superseded_cross_venue_variant,${NARROWGATE_CACHE_ROOT}/replay_dag/cross_venue_fair_price_trade_1s_v1/leave_bitget_out,"[""${NARROWGATE_CACHE_ROOT}/replay_dag/cross_venue_fair_price_trade_1s_v1/leave_bitget_out/2026-06-20-7f456b02f660cbe6.parquet"",""${NARROWGATE_CACHE_ROOT}/replay_dag/cross_venue_fair_price_trade_1s_v1/leave_bitget_out/2026-06-20-7f456b02f660cbe6.parquet.manifest.json""]",5179749,5181440,2,2,2026-08-01T11:49:12.704529Z,2026-08-01T11:49:12.710521Z,candidate token is referenced outside its own payload/manifest; preserve
frozen_historical_referenced,byte_identical_superseded_cross_venue_variant,${NARROWGATE_CACHE_ROOT}/replay_dag/cross_venue_fair_price_trade_1s_v1/leave_bitget_out,"[""${NARROWGATE_CACHE_ROOT}/replay_dag/cross_venue_fair_price_trade_1s_v1/leave_bitget_out/2026-06-21-a3101180b4fe364a.parquet"",""${NARROWGATE_CACHE_ROOT}/replay_dag/cross_venue_fair_price_trade_1s_v1/leave_bitget_out/2026-06-21-a3101180b4fe364a.parquet.manifest.json""]",5231352,5234688,2,2,2026-08-01T11:49:19.889299Z,2026-08-01T11:49:19.894571Z,candidate token is referenced outside its own payload/manifest; preserve
frozen_historical_referenced,byte_identical_superseded_cross_venue_variant,${NARROWGATE_CACHE_ROOT}/replay_dag/cross_venue_fair_price_trade_1s_v1/leave_bitget_out,"[""${NARROWGATE_CACHE_ROOT}/replay_dag/cross_venue_fair_price_trade_1s_v1/leave_bitget_out/2026-06-22-3a67c1920d5ce562.parquet"",""${NARROWGATE_CACHE_ROOT}/replay_dag/cross_venue_fair_price_trade_1s_v1/leave_bitget_out/2026-06-22-3a67c1920d5ce562.parquet.manifest.json""]",5463081,5468160,2,2,2026-08-01T11:49:28.011529Z,2026-08-01T11:49:28.017559Z,candidate token is referenced outside its own payload/manifest; preserve
frozen_historical_referenced,byte_identical_superseded_cross_venue_variant,${NARROWGATE_CACHE_ROOT}/replay_dag/cross_venue_fair_price_trade_1s_v1/leave_bitget_out,"[""${NARROWGATE_CACHE_ROOT}/replay_dag/cross_venue_fair_price_trade_1s_v1/leave_bitget_out/2026-06-23-58f12f0237142652.parquet"",""${NARROWGATE_CACHE_ROOT}/replay_dag/cross_venue_fair_price_trade_1s_v1/leave_bitget_out/2026-06-23-58f12f0237142652.parquet.manifest.json""]",5430893,5435392,2,2,2026-08-01T11:49:36.169488Z,2026-08-01T11:49:36.176496Z,candidate token is referenced outside its own payload/manifest; preserve
frozen_historical_referenced,byte_identical_superseded_cross_venue_variant,${NARROWGATE_CACHE_ROOT}/replay_dag/cross_venue_fair_price_trade_1s_v1/leave_bitget_out,"[""${NARROWGATE_CACHE_ROOT}/replay_dag/cross_venue_fair_price_trade_1s_v1/leave_bitget_out/2026-06-24-937422cd8c62d583.parquet"",""${NARROWGATE_CACHE_ROOT}/replay_dag/cross_venue_fair_price_trade_1s_v1/leave_bitget_out/2026-06-24-937422cd8c62d583.parquet.manifest.json""]",5516237,5521408,2,2,2026-08-01T11:49:44.200830Z,2026-08-01T11:49:44.206998Z,candidate token is referenced outside its own payload/manifest; preserve
frozen_historical_referenced,byte_identical_superseded_cross_venue_variant,${NARROWGATE_CACHE_ROOT}/replay_dag/cross_venue_fair_price_trade_1s_v1/leave_bitget_out,"[""${NARROWGATE_CACHE_ROOT}/replay_dag/cross_venue_fair_price_trade_1s_v1/leave_bitget_out/2026-06-25-452a9552e8e2bc7e.parquet"",""${NARROWGATE_CACHE_ROOT}/replay_dag/cross_venue_fair_price_trade_1s_v1/leave_bitget_out/2026-06-25-452a9552e8e2bc7e.parquet.manifest.json""]",5552478,5554176,2,2,2026-08-01T11:49:52.384170Z,2026-08-01T11:49:52.390768Z,candidate token is referenced outside its own payload/manifest; preserve
frozen_historical_referenced,byte_identical_superseded_cross_venue_variant,${NARROWGATE_CACHE_ROOT}/replay_dag/cross_venue_fair_price_trade_1s_v1/leave_bitget_out,"[""${NARROWGATE_CACHE_ROOT}/replay_dag/cross_venue_fair_price_trade_1s_v1/leave_bitget_out/2026-06-26-07ad27fc0a09c2fc.parquet"",""${NARROWGATE_CACHE_ROOT}/replay_dag/cross_venue_fair_price_trade_1s_v1/leave_bitget_out/2026-06-26-07ad27fc0a09c2fc.parquet.manifest.json""]",5535242,5537792,2,2,2026-08-01T11:50:01.173600Z,2026-08-01T11:50:01.179686Z,candidate token is referenced outside its own payload/manifest; preserve
frozen_historical_referenced,byte_identical_superseded_cross_venue_variant,${NARROWGATE_CACHE_ROOT}/replay_dag/cross_venue_fair_price_trade_1s_v1/leave_bybit_out,"[""${NARROWGATE_CACHE_ROOT}/replay_dag/cross_venue_fair_price_trade_1s_v1/leave_bybit_out/2026-04-17-2fbf6ecc598ee9ce.parquet"",""${NARROWGATE_CACHE_ROOT}/replay_dag/cross_venue_fair_price_trade_1s_v1/leave_bybit_out/2026-04-17-2fbf6ecc598ee9ce.parquet.manifest.json""]",5547310,5550080,2,2,2026-08-01T11:45:31.528529Z,2026-08-01T11:45:31.533421Z,candidate token is referenced outside its own payload/manifest; preserve
frozen_historical_referenced,byte_identical_superseded_cross_venue_variant,${NARROWGATE_CACHE_ROOT}/replay_dag/cross_venue_fair_price_trade_1s_v1/leave_bybit_out,"[""${NARROWGATE_CACHE_ROOT}/replay_dag/cross_venue_fair_price_trade_1s_v1/leave_bybit_out/2026-04-18-b81f5643ab13cc95.parquet"",""${NARROWGATE_CACHE_ROOT}/replay_dag/cross_venue_fair_price_trade_1s_v1/leave_bybit_out/2026-04-18-b81f5643ab13cc95.parquet.manifest.json""]",5495540,5500928,2,2,2026-08-01T11:45:36.732243Z,2026-08-01T11:45:36.737200Z,candidate token is referenced outside its own payload/manifest; preserve
frozen_historical_referenced,byte_identical_superseded_cross_venue_variant,${NARROWGATE_CACHE_ROOT}/replay_dag/cross_venue_fair_price_trade_1s_v1/leave_bybit_out,"[""${NARROWGATE_CACHE_ROOT}/replay_dag/cross_venue_fair_price_trade_1s_v1/leave_bybit_out/2026-04-19-5b7d80c4f1bc13d7.parquet"",""${NARROWGATE_CACHE_ROOT}/replay_dag/cross_venue_fair_price_trade_1s_v1/leave_bybit_out/2026-04-19-5b7d80c4f1bc13d7.parquet.manifest.json""]",5484774,5488640,2,2,2026-08-01T11:45:43.671731Z,2026-08-01T11:45:43.676289Z,candidate token is referenced outside its own payload/manifest; preserve
frozen_historical_referenced,byte_identical_superseded_cross_venue_variant,${NARROWGATE_CACHE_ROOT}/replay_dag/cross_venue_fair_price_trade_1s_v1/leave_bybit_out,"[""${NARROWGATE_CACHE_ROOT}/replay_dag/cross_venue_fair_price_trade_1s_v1/leave_bybit_out/2026-04-20-7f0e4c01e15e9ecf.parquet"",""${NARROWGATE_CACHE_ROOT}/replay_dag/cross_venue_fair_price_trade_1s_v1/leave_bybit_out/2026-04-20-7f0e4c01e15e9ecf.parquet.manifest.json""]",5543922,5545984,2,2,2026-08-01T11:45:49.193811Z,2026-08-01T11:45:49.200362Z,candidate token is referenced outside its own payload/manifest; preserve
frozen_historical_referenced,byte_identical_superseded_cross_venue_variant,${NARROWGATE_CACHE_ROOT}/replay_dag/cross_venue_fair_price_trade_1s_v1/leave_bybit_out,"[""${NARROWGATE_CACHE_ROOT}/replay_dag/cross_venue_fair_price_trade_1s_v1/leave_bybit_out/2026-04-22-03fdbd4e656775f2.parquet"",""${NARROWGATE_CACHE_ROOT}/replay_dag/cross_venue_fair_price_trade_1s_v1/leave_bybit_out/2026-04-22-03fdbd4e656775f2.parquet.manifest.json""]",5584568,5586944,2,2,2026-08-01T11:45:55.052629Z,2026-08-01T11:45:55.057433Z,candidate token is referenced outside its own payload/manifest; preserve
frozen_historical_referenced,byte_identical_superseded_cross_venue_variant,${NARROWGATE_CACHE_ROOT}/replay_dag/cross_venue_fair_price_trade_1s_v1/leave_bybit_out,"[""${NARROWGATE_CACHE_ROOT}/replay_dag/cross_venue_fair_price_trade_1s_v1/leave_bybit_out/2026-04-23-0363123673e8079f.parquet"",""${NARROWGATE_CACHE_ROOT}/replay_dag/cross_venue_fair_price_trade_1s_v1/leave_bybit_out/2026-04-23-0363123673e8079f.parquet.manifest.json""]",5553228,5558272,2,2,2026-08-01T11:46:00.850908Z,2026-08-01T11:46:00.857907Z,candidate token is referenced outside its own payload/manifest; preserve
frozen_historical_referenced,byte_identical_superseded_cross_venue_variant,${NARROWGATE_CACHE_ROOT}/replay_dag/cross_venue_fair_price_trade_1s_v1/leave_bybit_out,"[""${NARROWGATE_CACHE_ROOT}/replay_dag/cross_venue_fair_price_trade_1s_v1/leave_bybit_out/2026-05-01-50a0941cb093fcb2.parquet"",""${NARROWGATE_CACHE_ROOT}/replay_dag/cross_venue_fair_price_trade_1s_v1/leave_bybit_out/2026-05-01-50a0941cb093fcb2.parquet.manifest.json""]",5478327,5480448,2,2,2026-08-01T11:46:08.518664Z,2026-08-01T11:46:08.524163Z,candidate token is referenced outside its own payload/manifest; preserve
frozen_historical_referenced,byte_identical_superseded_cross_venue_variant,${NARROWGATE_CACHE_ROOT}/replay_dag/cross_venue_fair_price_trade_1s_v1/leave_bybit_out,"[""${NARROWGATE_CACHE_ROOT}/replay_dag/cross_venue_fair_price_trade_1s_v1/leave_bybit_out/2026-05-02-f1fe198b36eaec44.parquet"",""${NARROWGATE_CACHE_ROOT}/replay_dag/cross_venue_fair_price_trade_1s_v1/leave_bybit_out/2026-05-02-f1fe198b36eaec44.parquet.manifest.json""]",5067408,5070848,2,2,2026-08-01T11:46:14.189798Z,2026-08-01T11:46:14.194028Z,candidate token is referenced outside its own payload/manifest; preserve
frozen_historical_referenced,byte_identical_superseded_cross_venue_variant,${NARROWGATE_CACHE_ROOT}/replay_dag/cross_venue_fair_price_trade_1s_v1/leave_bybit_out,"[""${NARROWGATE_CACHE_ROOT}/replay_dag/cross_venue_fair_price_trade_1s_v1/leave_bybit_out/2026-05-03-4638a3b40291473c.parquet"",""${NARROWGATE_CACHE_ROOT}/replay_dag/cross_venue_fair_price_trade_1s_v1/leave_bybit_out/2026-05-03-4638a3b40291473c.parquet.manifest.json""]",5164928,5169152,2,2,2026-08-01T11:46:19.782257Z,2026-08-01T11:46:19.786196Z,candidate token is referenced outside its own payload/manifest; preserve
frozen_historical_referenced,byte_identical_superseded_cross_venue_variant,${NARROWGATE_CACHE_ROOT}/replay_dag/cross_venue_fair_price_trade_1s_v1/leave_bybit_out,"[""${NARROWGATE_CACHE_ROOT}/replay_dag/cross_venue_fair_price_trade_1s_v1/leave_bybit_out/2026-05-04-1361c278098bec09.parquet"",""${NARROWGATE_CACHE_ROOT}/replay_dag/cross_venue_fair_price_trade_1s_v1/leave_bybit_out/2026-05-04-1361c278098bec09.parquet.manifest.json""]",5534176,5537792,2,2,2026-08-01T11:46:25.547630Z,2026-08-01T11:46:25.552266Z,candidate token is referenced outside its own payload/manifest; preserve
frozen_historical_referenced,byte_identical_superseded_cross_venue_variant,${NARROWGATE_CACHE_ROOT}/replay_dag/cross_venue_fair_price_trade_1s_v1/leave_bybit_out,"[""${NARROWGATE_CACHE_ROOT}/replay_dag/cross_venue_fair_price_trade_1s_v1/leave_bybit_out/2026-05-05-32b30060a14c5a17.parquet"",""${NARROWGATE_CACHE_ROOT}/replay_dag/cross_venue_fair_price_trade_1s_v1/leave_bybit_out/2026-05-05-32b30060a14c5a17.parquet.manifest.json""]",5530583,5533696,2,2,2026-08-01T11:46:33.109701Z,2026-08-01T11:46:33.115146Z,candidate token is referenced outside its own payload/manifest; preserve
frozen_historical_referenced,byte_identical_superseded_cross_venue_variant,${NARROWGATE_CACHE_ROOT}/replay_dag/cross_venue_fair_price_trade_1s_v1/leave_bybit_out,"[""${NARROWGATE_CACHE_ROOT}/replay_dag/cross_venue_fair_price_trade_1s_v1/leave_bybit_out/2026-05-06-0a9d2ed8199223c8.parquet"",""${NARROWGATE_CACHE_ROOT}/replay_dag/cross_venue_fair_price_trade_1s_v1/leave_bybit_out/2026-05-06-0a9d2ed8199223c8.parquet.manifest.json""]",5482025,5484544,2,2,2026-08-01T11:46:39.523138Z,2026-08-01T11:46:39.528748Z,candidate token is referenced outside its own payload/manifest; preserve
frozen_historical_referenced,byte_identical_superseded_cross_venue_variant,${NARROWGATE_CACHE_ROOT}/replay_dag/cross_venue_fair_price_trade_1s_v1/leave_bybit_out,"[""${NARROWGATE_CACHE_ROOT}/replay_dag/cross_venue_fair_price_trade_1s_v1/leave_bybit_out/2026-05-13-13fba603bec21323.parquet"",""${NARROWGATE_CACHE_ROOT}/replay_dag/cross_venue_fair_price_trade_1s_v1/leave_bybit_out/2026-05-13-13fba603bec21323.parquet.manifest.json""]",5402920,5406720,2,2,2026-08-01T11:46:46.053262Z,2026-08-01T11:46:46.058241Z,candidate token is referenced outside its own payload/manifest; preserve
frozen_historical_referenced,byte_identical_superseded_cross_venue_variant,${NARROWGATE_CACHE_ROOT}/replay_dag/cross_venue_fair_price_trade_1s_v1/leave_bybit_out,"[""${NARROWGATE_CACHE_ROOT}/replay_dag/cross_venue_fair_price_trade_1s_v1/leave_bybit_out/2026-05-29-a2d019b6c71262ae.parquet"",""${NARROWGATE_CACHE_ROOT}/replay_dag/cross_venue_fair_price_trade_1s_v1/leave_bybit_out/2026-05-29-a2d019b6c71262ae.parquet.manifest.json""]",5262420,5267456,2,2,2026-08-01T11:46:52.113136Z,2026-08-01T11:46:52.118995Z,candidate token is referenced outside its own payload/manifest; preserve
frozen_historical_referenced,byte_identical_superseded_cross_venue_variant,${NARROWGATE_CACHE_ROOT}/replay_dag/cross_venue_fair_price_trade_1s_v1/leave_bybit_out,"[""${NARROWGATE_CACHE_ROOT}/replay_dag/cross_venue_fair_price_trade_1s_v1/leave_bybit_out/2026-05-30-276a99d012113ab9.parquet"",""${NARROWGATE_CACHE_ROOT}/replay_dag/cross_venue_fair_price_trade_1s_v1/leave_bybit_out/2026-05-30-276a99d012113ab9.parquet.manifest.json""]",4570526,4575232,2,2,2026-08-01T11:46:59.239228Z,2026-08-01T11:46:59.244455Z,candidate token is referenced outside its own payload/manifest; preserve
frozen_historical_referenced,byte_identical_superseded_cross_venue_variant,${NARROWGATE_CACHE_ROOT}/replay_dag/cross_venue_fair_price_trade_1s_v1/leave_bybit_out,"[""${NARROWGATE_CACHE_ROOT}/replay_dag/cross_venue_fair_price_trade_1s_v1/leave_bybit_out/2026-05-31-03ec54f9ca529b10.parquet"",""${NARROWGATE_CACHE_ROOT}/replay_dag/cross_venue_fair_price_trade_1s_v1/leave_bybit_out/2026-05-31-03ec54f9ca529b10.parquet.manifest.json""]",4537304,4542464,2,2,2026-08-01T11:47:05.219260Z,2026-08-01T11:47:05.224326Z,candidate token is referenced outside its own payload/manifest; preserve
frozen_historical_referenced,byte_identical_superseded_cross_venue_variant,${NARROWGATE_CACHE_ROOT}/replay_dag/cross_venue_fair_price_trade_1s_v1/leave_bybit_out,"[""${NARROWGATE_CACHE_ROOT}/replay_dag/cross_venue_fair_price_trade_1s_v1/leave_bybit_out/2026-06-02-7c5fd992fd899134.parquet"",""${NARROWGATE_CACHE_ROOT}/replay_dag/cross_venue_fair_price_trade_1s_v1/leave_bybit_out/2026-06-02-7c5fd992fd899134.parquet.manifest.json""]",5582739,5586944,2,2,2026-08-01T11:47:11.530865Z,2026-08-01T11:47:11.536078Z,candidate token is referenced outside its own payload/manifest; preserve
frozen_historical_referenced,byte_identical_superseded_cross_venue_variant,${NARROWGATE_CACHE_ROOT}/replay_dag/cross_venue_fair_price_trade_1s_v1/leave_bybit_out,"[""${NARROWGATE_CACHE_ROOT}/replay_dag/cross_venue_fair_price_trade_1s_v1/leave_bybit_out/2026-06-03-fa99d1414d260f63.parquet"",""${NARROWGATE_CACHE_ROOT}/replay_dag/cross_venue_fair_price_trade_1s_v1/leave_bybit_out/2026-06-03-fa99d1414d260f63.parquet.manifest.json""]",5607402,5611520,2,2,2026-08-01T11:47:18.252540Z,2026-08-01T11:47:18.257795Z,candidate token is referenced outside its own payload/manifest; preserve
frozen_historical_referenced,byte_identical_superseded_cross_venue_variant,${NARROWGATE_CACHE_ROOT}/replay_dag/cross_venue_fair_price_trade_1s_v1/leave_bybit_out,"[""${NARROWGATE_CACHE_ROOT}/replay_dag/cross_venue_fair_price_trade_1s_v1/leave_bybit_out/2026-06-05-15815c8f1cf352cd.parquet"",""${NARROWGATE_CACHE_ROOT}/replay_dag/cross_venue_fair_price_trade_1s_v1/leave_bybit_out/2026-06-05-15815c8f1cf352cd.parquet.manifest.json""]",5599543,5603328,2,2,2026-08-01T11:47:26.313558Z,2026-08-01T11:47:26.318790Z,candidate token is referenced outside its own payload/manifest; preserve
frozen_historical_referenced,byte_identical_superseded_cross_venue_variant,${NARROWGATE_CACHE_ROOT}/replay_dag/cross_venue_fair_price_trade_1s_v1/leave_bybit_out,"[""${NARROWGATE_CACHE_ROOT}/replay_dag/cross_venue_fair_price_trade_1s_v1/leave_bybit_out/2026-06-06-7483c403fbc65171.parquet"",""${NARROWGATE_CACHE_ROOT}/replay_dag/cross_venue_fair_price_trade_1s_v1/leave_bybit_out/2026-06-06-7483c403fbc65171.parquet.manifest.json""]",5465676,5468160,2,2,2026-08-01T11:47:33.252295Z,2026-08-01T11:47:33.258278Z,candidate token is referenced outside its own payload/manifest; preserve
frozen_historical_referenced,byte_identical_superseded_cross_venue_variant,${NARROWGATE_CACHE_ROOT}/replay_dag/cross_venue_fair_price_trade_1s_v1/leave_bybit_out,"[""${NARROWGATE_CACHE_ROOT}/replay_dag/cross_venue_fair_price_trade_1s_v1/leave_bybit_out/2026-06-07-5c90a9dd8e698072.parquet"",""${NARROWGATE_CACHE_ROOT}/replay_dag/cross_venue_fair_price_trade_1s_v1/leave_bybit_out/2026-06-07-5c90a9dd8e698072.parquet.manifest.json""]",5531646,5533696,2,2,2026-08-01T11:47:39.692049Z,2026-08-01T11:47:39.697743Z,candidate token is referenced outside its own payload/manifest; preserve
frozen_historical_referenced,byte_identical_superseded_cross_venue_variant,${NARROWGATE_CACHE_ROOT}/replay_dag/cross_venue_fair_price_trade_1s_v1/leave_bybit_out,"[""${NARROWGATE_CACHE_ROOT}/replay_dag/cross_venue_fair_price_trade_1s_v1/leave_bybit_out/2026-06-08-7a5f4c107d4de8ca.parquet"",""${NARROWGATE_CACHE_ROOT}/replay_dag/cross_venue_fair_price_trade_1s_v1/leave_bybit_out/2026-06-08-7a5f4c107d4de8ca.parquet.manifest.json""]",5585231,5586944,2,2,2026-08-01T11:47:46.227818Z,2026-08-01T11:47:46.233745Z,candidate token is referenced outside its own payload/manifest; preserve
frozen_historical_referenced,byte_identical_superseded_cross_venue_variant,${NARROWGATE_CACHE_ROOT}/replay_dag/cross_venue_fair_price_trade_1s_v1/leave_bybit_out,"[""${NARROWGATE_CACHE_ROOT}/replay_dag/cross_venue_fair_price_trade_1s_v1/leave_bybit_out/2026-06-09-cfeb30087c1fcc38.parquet"",""${NARROWGATE_CACHE_ROOT}/replay_dag/cross_venue_fair_price_trade_1s_v1/leave_bybit_out/2026-06-09-cfeb30087c1fcc38.parquet.manifest.json""]",5556507,5558272,2,2,2026-08-01T11:47:54.167784Z,2026-08-01T11:47:54.173477Z,candidate token is referenced outside its own payload/manifest; preserve
frozen_historical_referenced,byte_identical_superseded_cross_venue_variant,${NARROWGATE_CACHE_ROOT}/replay_dag/cross_venue_fair_price_trade_1s_v1/leave_bybit_out,"[""${NARROWGATE_CACHE_ROOT}/replay_dag/cross_venue_fair_price_trade_1s_v1/leave_bybit_out/2026-06-10-7dd48f666bb74151.parquet"",""${NARROWGATE_CACHE_ROOT}/replay_dag/cross_venue_fair_price_trade_1s_v1/leave_bybit_out/2026-06-10-7dd48f666bb74151.parquet.manifest.json""]",5606601,5611520,2,2,2026-08-01T11:48:01.389567Z,2026-08-01T11:48:01.395217Z,candidate token is referenced outside its own payload/manifest; preserve
frozen_historical_referenced,byte_identical_superseded_cross_venue_variant,${NARROWGATE_CACHE_ROOT}/replay_dag/cross_venue_fair_price_trade_1s_v1/leave_bybit_out,"[""${NARROWGATE_CACHE_ROOT}/replay_dag/cross_venue_fair_price_trade_1s_v1/leave_bybit_out/2026-06-11-f79e238672413232.parquet"",""${NARROWGATE_CACHE_ROOT}/replay_dag/cross_venue_fair_price_trade_1s_v1/leave_bybit_out/2026-06-11-f79e238672413232.parquet.manifest.json""]",5503784,5509120,2,2,2026-08-01T11:48:08.126839Z,2026-08-01T11:48:08.132274Z,candidate token is referenced outside its own payload/manifest; preserve
frozen_historical_referenced,byte_identical_superseded_cross_venue_variant,${NARROWGATE_CACHE_ROOT}/replay_dag/cross_venue_fair_price_trade_1s_v1/leave_bybit_out,"[""${NARROWGATE_CACHE_ROOT}/replay_dag/cross_venue_fair_price_trade_1s_v1/leave_bybit_out/2026-06-12-69b32fd2fecbe2ba.parquet"",""${NARROWGATE_CACHE_ROOT}/replay_dag/cross_venue_fair_price_trade_1s_v1/leave_bybit_out/2026-06-12-69b32fd2fecbe2ba.parquet.manifest.json""]",5340931,5345280,2,2,2026-08-01T11:48:14.587232Z,2026-08-01T11:48:14.592531Z,candidate token is referenced outside its own payload/manifest; preserve
frozen_historical_referenced,byte_identical_superseded_cross_venue_variant,${NARROWGATE_CACHE_ROOT}/replay_dag/cross_venue_fair_price_trade_1s_v1/leave_bybit_out,"[""${NARROWGATE_CACHE_ROOT}/replay_dag/cross_venue_fair_price_trade_1s_v1/leave_bybit_out/2026-06-13-e44e040060723c2e.parquet"",""${NARROWGATE_CACHE_ROOT}/replay_dag/cross_venue_fair_price_trade_1s_v1/leave_bybit_out/2026-06-13-e44e040060723c2e.parquet.manifest.json""]",5071193,5074944,2,2,2026-08-01T11:48:21.872754Z,2026-08-01T11:48:21.878218Z,candidate token is referenced outside its own payload/manifest; preserve
frozen_historical_referenced,byte_identical_superseded_cross_venue_variant,${NARROWGATE_CACHE_ROOT}/replay_dag/cross_venue_fair_price_trade_1s_v1/leave_bybit_out,"[""${NARROWGATE_CACHE_ROOT}/replay_dag/cross_venue_fair_price_trade_1s_v1/leave_bybit_out/2026-06-14-c51aee27120ed176.parquet"",""${NARROWGATE_CACHE_ROOT}/replay_dag/cross_venue_fair_price_trade_1s_v1/leave_bybit_out/2026-06-14-c51aee27120ed176.parquet.manifest.json""]",5184980,5189632,2,2,2026-08-01T11:48:28.873644Z,2026-08-01T11:48:28.878952Z,candidate token is referenced outside its own payload/manifest; preserve
frozen_historical_referenced,byte_identical_superseded_cross_venue_variant,${NARROWGATE_CACHE_ROOT}/replay_dag/cross_venue_fair_price_trade_1s_v1/leave_bybit_out,"[""${NARROWGATE_CACHE_ROOT}/replay_dag/cross_venue_fair_price_trade_1s_v1/leave_bybit_out/2026-06-15-715cd91e571383f7.parquet"",""${NARROWGATE_CACHE_ROOT}/replay_dag/cross_venue_fair_price_trade_1s_v1/leave_bybit_out/2026-06-15-715cd91e571383f7.parquet.manifest.json""]",5498217,5500928,2,2,2026-08-01T11:48:35.788833Z,2026-08-01T11:48:35.794324Z,candidate token is referenced outside its own payload/manifest; preserve
frozen_historical_referenced,byte_identical_superseded_cross_venue_variant,${NARROWGATE_CACHE_ROOT}/replay_dag/cross_venue_fair_price_trade_1s_v1/leave_bybit_out,"[""${NARROWGATE_CACHE_ROOT}/replay_dag/cross_venue_fair_price_trade_1s_v1/leave_bybit_out/2026-06-16-9657fcfdb5f53d67.parquet"",""${NARROWGATE_CACHE_ROOT}/replay_dag/cross_venue_fair_price_trade_1s_v1/leave_bybit_out/2026-06-16-9657fcfdb5f53d67.parquet.manifest.json""]",5371321,5373952,2,2,2026-08-01T11:48:42.776573Z,2026-08-01T11:48:42.782143Z,candidate token is referenced outside its own payload/manifest; preserve
frozen_historical_referenced,byte_identical_superseded_cross_venue_variant,${NARROWGATE_CACHE_ROOT}/replay_dag/cross_venue_fair_price_trade_1s_v1/leave_bybit_out,"[""${NARROWGATE_CACHE_ROOT}/replay_dag/cross_venue_fair_price_trade_1s_v1/leave_bybit_out/2026-06-17-f024d2eca35651a8.parquet"",""${NARROWGATE_CACHE_ROOT}/replay_dag/cross_venue_fair_price_trade_1s_v1/leave_bybit_out/2026-06-17-f024d2eca35651a8.parquet.manifest.json""]",5402370,5406720,2,2,2026-08-01T11:48:50.591658Z,2026-08-01T11:48:50.597594Z,candidate token is referenced outside its own payload/manifest; preserve
frozen_historical_referenced,byte_identical_superseded_cross_venue_variant,${NARROWGATE_CACHE_ROOT}/replay_dag/cross_venue_fair_price_trade_1s_v1/leave_bybit_out,"[""${NARROWGATE_CACHE_ROOT}/replay_dag/cross_venue_fair_price_trade_1s_v1/leave_bybit_out/2026-06-18-106fd5c63fc076fa.parquet"",""${NARROWGATE_CACHE_ROOT}/replay_dag/cross_venue_fair_price_trade_1s_v1/leave_bybit_out/2026-06-18-106fd5c63fc076fa.parquet.manifest.json""]",5425344,5427200,2,2,2026-08-01T11:48:58.253019Z,2026-08-01T11:48:58.258546Z,candidate token is referenced outside its own payload/manifest; preserve
frozen_historical_referenced,byte_identical_superseded_cross_venue_variant,${NARROWGATE_CACHE_ROOT}/replay_dag/cross_venue_fair_price_trade_1s_v1/leave_bybit_out,"[""${NARROWGATE_CACHE_ROOT}/replay_dag/cross_venue_fair_price_trade_1s_v1/leave_bybit_out/2026-06-19-c676dc002db67e89.parquet"",""${NARROWGATE_CACHE_ROOT}/replay_dag/cross_venue_fair_price_trade_1s_v1/leave_bybit_out/2026-06-19-c676dc002db67e89.parquet.manifest.json""]",5123716,5128192,2,2,2026-08-01T11:49:05.506604Z,2026-08-01T11:49:05.511806Z,candidate token is referenced outside its own payload/manifest; preserve
frozen_historical_referenced,byte_identical_superseded_cross_venue_variant,${NARROWGATE_CACHE_ROOT}/replay_dag/cross_venue_fair_price_trade_1s_v1/leave_bybit_out,"[""${NARROWGATE_CACHE_ROOT}/replay_dag/cross_venue_fair_price_trade_1s_v1/leave_bybit_out/2026-06-20-0da0766dee89ff0f.parquet"",""${NARROWGATE_CACHE_ROOT}/replay_dag/cross_venue_fair_price_trade_1s_v1/leave_bybit_out/2026-06-20-0da0766dee89ff0f.parquet.manifest.json""]",5021712,5025792,2,2,2026-08-01T11:49:12.819039Z,2026-08-01T11:49:12.824749Z,candidate token is referenced outside its own payload/manifest; preserve
frozen_historical_referenced,byte_identical_superseded_cross_venue_variant,${NARROWGATE_CACHE_ROOT}/replay_dag/cross_venue_fair_price_trade_1s_v1/leave_bybit_out,"[""${NARROWGATE_CACHE_ROOT}/replay_dag/cross_venue_fair_price_trade_1s_v1/leave_bybit_out/2026-06-21-6ee017c1da5223e8.parquet"",""${NARROWGATE_CACHE_ROOT}/replay_dag/cross_venue_fair_price_trade_1s_v1/leave_bybit_out/2026-06-21-6ee017c1da5223e8.parquet.manifest.json""]",4930119,4931584,2,2,2026-08-01T11:49:20.680450Z,2026-08-01T11:49:20.686208Z,candidate token is referenced outside its own payload/manifest; preserve
frozen_historical_referenced,byte_identical_superseded_cross_venue_variant,${NARROWGATE_CACHE_ROOT}/replay_dag/cross_venue_fair_price_trade_1s_v1/leave_bybit_out,"[""${NARROWGATE_CACHE_ROOT}/replay_dag/cross_venue_fair_price_trade_1s_v1/leave_bybit_out/2026-06-22-73f4ac381fbcaac4.parquet"",""${NARROWGATE_CACHE_ROOT}/replay_dag/cross_venue_fair_price_trade_1s_v1/leave_bybit_out/2026-06-22-73f4ac381fbcaac4.parquet.manifest.json""]",5383729,5386240,2,2,2026-08-01T11:49:28.568624Z,2026-08-01T11:49:28.574669Z,candidate token is referenced outside its own payload/manifest; preserve
frozen_historical_referenced,byte_identical_superseded_cross_venue_variant,${NARROWGATE_CACHE_ROOT}/replay_dag/cross_venue_fair_price_trade_1s_v1/leave_bybit_out,"[""${NARROWGATE_CACHE_ROOT}/replay_dag/cross_venue_fair_price_trade_1s_v1/leave_bybit_out/2026-06-23-520b95ace8ed8c0e.parquet"",""${NARROWGATE_CACHE_ROOT}/replay_dag/cross_venue_fair_price_trade_1s_v1/leave_bybit_out/2026-06-23-520b95ace8ed8c0e.parquet.manifest.json""]",5315401,5320704,2,2,2026-08-01T11:49:36.498750Z,2026-08-01T11:49:36.505023Z,candidate token is referenced outside its own payload/manifest; preserve
frozen_historical_referenced,byte_identical_superseded_cross_venue_variant,${NARROWGATE_CACHE_ROOT}/replay_dag/cross_venue_fair_price_trade_1s_v1/leave_bybit_out,"[""${NARROWGATE_CACHE_ROOT}/replay_dag/cross_venue_fair_price_trade_1s_v1/leave_bybit_out/2026-06-24-7ec269dc75734739.parquet"",""${NARROWGATE_CACHE_ROOT}/replay_dag/cross_venue_fair_price_trade_1s_v1/leave_bybit_out/2026-06-24-7ec269dc75734739.parquet.manifest.json""]",5451213,5455872,2,2,2026-08-01T11:49:44.532962Z,2026-08-01T11:49:44.539040Z,candidate token is referenced outside its own payload/manifest; preserve
frozen_historical_referenced,byte_identical_superseded_cross_venue_variant,${NARROWGATE_CACHE_ROOT}/replay_dag/cross_venue_fair_price_trade_1s_v1/leave_bybit_out,"[""${NARROWGATE_CACHE_ROOT}/replay_dag/cross_venue_fair_price_trade_1s_v1/leave_bybit_out/2026-06-25-a729af976349d477.parquet"",""${NARROWGATE_CACHE_ROOT}/replay_dag/cross_venue_fair_price_trade_1s_v1/leave_bybit_out/2026-06-25-a729af976349d477.parquet.manifest.json""]",5488136,5492736,2,2,2026-08-01T11:49:53.335368Z,2026-08-01T11:49:53.341837Z,candidate token is referenced outside its own payload/manifest; preserve
frozen_historical_referenced,byte_identical_superseded_cross_venue_variant,${NARROWGATE_CACHE_ROOT}/replay_dag/cross_venue_fair_price_trade_1s_v1/leave_bybit_out,"[""${NARROWGATE_CACHE_ROOT}/replay_dag/cross_venue_fair_price_trade_1s_v1/leave_bybit_out/2026-06-26-15a8c4d3c7777095.parquet"",""${NARROWGATE_CACHE_ROOT}/replay_dag/cross_venue_fair_price_trade_1s_v1/leave_bybit_out/2026-06-26-15a8c4d3c7777095.parquet.manifest.json""]",5506029,5509120,2,2,2026-08-01T11:50:01.912856Z,2026-08-01T11:50:01.918555Z,candidate token is referenced outside its own payload/manifest; preserve
frozen_historical_referenced,byte_identical_superseded_cross_venue_variant,${NARROWGATE_CACHE_ROOT}/replay_dag/cross_venue_fair_price_trade_1s_v1/leave_okx_out,"[""${NARROWGATE_CACHE_ROOT}/replay_dag/cross_venue_fair_price_trade_1s_v1/leave_okx_out/2026-04-17-ce80a8e81b7b6e83.parquet"",""${NARROWGATE_CACHE_ROOT}/replay_dag/cross_venue_fair_price_trade_1s_v1/leave_okx_out/2026-04-17-ce80a8e81b7b6e83.parquet.manifest.json""]",5422483,5427200,2,2,2026-08-01T11:45:31.448924Z,2026-08-01T11:45:31.454139Z,candidate token is referenced outside its own payload/manifest; preserve
frozen_historical_referenced,byte_identical_superseded_cross_venue_variant,${NARROWGATE_CACHE_ROOT}/replay_dag/cross_venue_fair_price_trade_1s_v1/leave_okx_out,"[""${NARROWGATE_CACHE_ROOT}/replay_dag/cross_venue_fair_price_trade_1s_v1/leave_okx_out/2026-04-18-f542b6a9a6f362da.parquet"",""${NARROWGATE_CACHE_ROOT}/replay_dag/cross_venue_fair_price_trade_1s_v1/leave_okx_out/2026-04-18-f542b6a9a6f362da.parquet.manifest.json""]",5265057,5267456,2,2,2026-08-01T11:45:38.294721Z,2026-08-01T11:45:38.300081Z,candidate token is referenced outside its own payload/manifest; preserve
frozen_historical_referenced,byte_identical_superseded_cross_venue_variant,${NARROWGATE_CACHE_ROOT}/replay_dag/cross_venue_fair_price_trade_1s_v1/leave_okx_out,"[""${NARROWGATE_CACHE_ROOT}/replay_dag/cross_venue_fair_price_trade_1s_v1/leave_okx_out/2026-04-19-5d46b3066d8b5dc2.parquet"",""${NARROWGATE_CACHE_ROOT}/replay_dag/cross_venue_fair_price_trade_1s_v1/leave_okx_out/2026-04-19-5d46b3066d8b5dc2.parquet.manifest.json""]",5303489,5308416,2,2,2026-08-01T11:45:43.668168Z,2026-08-01T11:45:43.673082Z,candidate token is referenced outside its own payload/manifest; preserve
frozen_historical_referenced,byte_identical_superseded_cross_venue_variant,${NARROWGATE_CACHE_ROOT}/replay_dag/cross_venue_fair_price_trade_1s_v1/leave_okx_out,"[""${NARROWGATE_CACHE_ROOT}/replay_dag/cross_venue_fair_price_trade_1s_v1/leave_okx_out/2026-04-20-08213320e6bbb9bb.parquet"",""${NARROWGATE_CACHE_ROOT}/replay_dag/cross_venue_fair_price_trade_1s_v1/leave_okx_out/2026-04-20-08213320e6bbb9bb.parquet.manifest.json""]",5432932,5435392,2,2,2026-08-01T11:45:49.218161Z,2026-08-01T11:45:49.223078Z,candidate token is referenced outside its own payload/manifest; preserve
frozen_historical_referenced,byte_identical_superseded_cross_venue_variant,${NARROWGATE_CACHE_ROOT}/replay_dag/cross_venue_fair_price_trade_1s_v1/leave_okx_out,"[""${NARROWGATE_CACHE_ROOT}/replay_dag/cross_venue_fair_price_trade_1s_v1/leave_okx_out/2026-04-22-f6a166988e443565.parquet"",""${NARROWGATE_CACHE_ROOT}/replay_dag/cross_venue_fair_price_trade_1s_v1/leave_okx_out/2026-04-22-f6a166988e443565.parquet.manifest.json""]",5531785,5533696,2,2,2026-08-01T11:45:55.086397Z,2026-08-01T11:45:55.090503Z,candidate token is referenced outside its own payload/manifest; preserve
frozen_historical_referenced,byte_identical_superseded_cross_venue_variant,${NARROWGATE_CACHE_ROOT}/replay_dag/cross_venue_fair_price_trade_1s_v1/leave_okx_out,"[""${NARROWGATE_CACHE_ROOT}/replay_dag/cross_venue_fair_price_trade_1s_v1/leave_okx_out/2026-04-23-e58c655a69080e52.parquet"",""${NARROWGATE_CACHE_ROOT}/replay_dag/cross_venue_fair_price_trade_1s_v1/leave_okx_out/2026-04-23-e58c655a69080e52.parquet.manifest.json""]",5478553,5480448,2,2,2026-08-01T11:46:02.668476Z,2026-08-01T11:46:02.674416Z,candidate token is referenced outside its own payload/manifest; preserve
frozen_historical_referenced,byte_identical_superseded_cross_venue_variant,${NARROWGATE_CACHE_ROOT}/replay_dag/cross_venue_fair_price_trade_1s_v1/leave_okx_out,"[""${NARROWGATE_CACHE_ROOT}/replay_dag/cross_venue_fair_price_trade_1s_v1/leave_okx_out/2026-05-01-d2836eb63bac4d04.parquet"",""${NARROWGATE_CACHE_ROOT}/replay_dag/cross_venue_fair_price_trade_1s_v1/leave_okx_out/2026-05-01-d2836eb63bac4d04.parquet.manifest.json""]",5323422,5328896,2,2,2026-08-01T11:46:08.559510Z,2026-08-01T11:46:08.564404Z,candidate token is referenced outside its own payload/manifest; preserve
frozen_historical_referenced,byte_identical_superseded_cross_venue_variant,${NARROWGATE_CACHE_ROOT}/replay_dag/cross_venue_fair_price_trade_1s_v1/leave_okx_out,"[""${NARROWGATE_CACHE_ROOT}/replay_dag/cross_venue_fair_price_trade_1s_v1/leave_okx_out/2026-05-02-588b2415b4f61413.parquet"",""${NARROWGATE_CACHE_ROOT}/replay_dag/cross_venue_fair_price_trade_1s_v1/leave_okx_out/2026-05-02-588b2415b4f61413.parquet.manifest.json""]",4777952,4780032,2,2,2026-08-01T11:46:14.290488Z,2026-08-01T11:46:14.295506Z,candidate token is referenced outside its own payload/manifest; preserve
frozen_historical_referenced,byte_identical_superseded_cross_venue_variant,${NARROWGATE_CACHE_ROOT}/replay_dag/cross_venue_fair_price_trade_1s_v1/leave_okx_out,"[""${NARROWGATE_CACHE_ROOT}/replay_dag/cross_venue_fair_price_trade_1s_v1/leave_okx_out/2026-05-03-0f9d622922d6603c.parquet"",""${NARROWGATE_CACHE_ROOT}/replay_dag/cross_venue_fair_price_trade_1s_v1/leave_okx_out/2026-05-03-0f9d622922d6603c.parquet.manifest.json""]",4868169,4870144,2,2,2026-08-01T11:46:19.749137Z,2026-08-01T11:46:19.753516Z,candidate token is referenced outside its own payload/manifest; preserve
frozen_historical_referenced,byte_identical_superseded_cross_venue_variant,${NARROWGATE_CACHE_ROOT}/replay_dag/cross_venue_fair_price_trade_1s_v1/leave_okx_out,"[""${NARROWGATE_CACHE_ROOT}/replay_dag/cross_venue_fair_price_trade_1s_v1/leave_okx_out/2026-05-04-fa9e911c92dde77e.parquet"",""${NARROWGATE_CACHE_ROOT}/replay_dag/cross_venue_fair_price_trade_1s_v1/leave_okx_out/2026-05-04-fa9e911c92dde77e.parquet.manifest.json""]",5459270,5464064,2,2,2026-08-01T11:46:27.137386Z,2026-08-01T11:46:27.142841Z,candidate token is referenced outside its own payload/manifest; preserve
frozen_historical_referenced,byte_identical_superseded_cross_venue_variant,${NARROWGATE_CACHE_ROOT}/replay_dag/cross_venue_fair_price_trade_1s_v1/leave_okx_out,"[""${NARROWGATE_CACHE_ROOT}/replay_dag/cross_venue_fair_price_trade_1s_v1/leave_okx_out/2026-05-05-c469e409b2a5a02b.parquet"",""${NARROWGATE_CACHE_ROOT}/replay_dag/cross_venue_fair_price_trade_1s_v1/leave_okx_out/2026-05-05-c469e409b2a5a02b.parquet.manifest.json""]",5445646,5447680,2,2,2026-08-01T11:46:33.498706Z,2026-08-01T11:46:33.504177Z,candidate token is referenced outside its own payload/manifest; preserve
frozen_historical_referenced,byte_identical_superseded_cross_venue_variant,${NARROWGATE_CACHE_ROOT}/replay_dag/cross_venue_fair_price_trade_1s_v1/leave_okx_out,"[""${NARROWGATE_CACHE_ROOT}/replay_dag/cross_venue_fair_price_trade_1s_v1/leave_okx_out/2026-05-06-33f7b5240214fea2.parquet"",""${NARROWGATE_CACHE_ROOT}/replay_dag/cross_venue_fair_price_trade_1s_v1/leave_okx_out/2026-05-06-33f7b5240214fea2.parquet.manifest.json""]",5375885,5378048,2,2,2026-08-01T11:46:39.687109Z,2026-08-01T11:46:39.692291Z,candidate token is referenced outside its own payload/manifest; preserve
frozen_historical_referenced,byte_identical_superseded_cross_venue_variant,${NARROWGATE_CACHE_ROOT}/replay_dag/cross_venue_fair_price_trade_1s_v1/leave_okx_out,"[""${NARROWGATE_CACHE_ROOT}/replay_dag/cross_venue_fair_price_trade_1s_v1/leave_okx_out/2026-05-13-f22afa6d4dbd9a9e.parquet"",""${NARROWGATE_CACHE_ROOT}/replay_dag/cross_venue_fair_price_trade_1s_v1/leave_okx_out/2026-05-13-f22afa6d4dbd9a9e.parquet.manifest.json""]",5208624,5210112,2,2,2026-08-01T11:46:45.901248Z,2026-08-01T11:46:45.906439Z,candidate token is referenced outside its own payload/manifest; preserve
frozen_historical_referenced,byte_identical_superseded_cross_venue_variant,${NARROWGATE_CACHE_ROOT}/replay_dag/cross_venue_fair_price_trade_1s_v1/leave_okx_out,"[""${NARROWGATE_CACHE_ROOT}/replay_dag/cross_venue_fair_price_trade_1s_v1/leave_okx_out/2026-05-29-ec5cf40e43c88ebc.parquet"",""${NARROWGATE_CACHE_ROOT}/replay_dag/cross_venue_fair_price_trade_1s_v1/leave_okx_out/2026-05-29-ec5cf40e43c88ebc.parquet.manifest.json""]",5063942,5066752,2,2,2026-08-01T11:46:53.416899Z,2026-08-01T11:46:53.421752Z,candidate token is referenced outside its own payload/manifest; preserve
frozen_historical_referenced,byte_identical_superseded_cross_venue_variant,${NARROWGATE_CACHE_ROOT}/replay_dag/cross_venue_fair_price_trade_1s_v1/leave_okx_out,"[""${NARROWGATE_CACHE_ROOT}/replay_dag/cross_venue_fair_price_trade_1s_v1/leave_okx_out/2026-05-30-bd0fecbde0494caa.parquet"",""${NARROWGATE_CACHE_ROOT}/replay_dag/cross_venue_fair_price_trade_1s_v1/leave_okx_out/2026-05-30-bd0fecbde0494caa.parquet.manifest.json""]",4228872,4231168,2,2,2026-08-01T11:46:59.659663Z,2026-08-01T11:46:59.663963Z,candidate token is referenced outside its own payload/manifest; preserve
frozen_historical_referenced,byte_identical_superseded_cross_venue_variant,${NARROWGATE_CACHE_ROOT}/replay_dag/cross_venue_fair_price_trade_1s_v1/leave_okx_out,"[""${NARROWGATE_CACHE_ROOT}/replay_dag/cross_venue_fair_price_trade_1s_v1/leave_okx_out/2026-05-31-e2b1a52c68153b9c.parquet"",""${NARROWGATE_CACHE_ROOT}/replay_dag/cross_venue_fair_price_trade_1s_v1/leave_okx_out/2026-05-31-e2b1a52c68153b9c.parquet.manifest.json""]",4230284,4235264,2,2,2026-08-01T11:47:05.231655Z,2026-08-01T11:47:05.235887Z,candidate token is referenced outside its own payload/manifest; preserve
frozen_historical_referenced,byte_identical_superseded_cross_venue_variant,${NARROWGATE_CACHE_ROOT}/replay_dag/cross_venue_fair_price_trade_1s_v1/leave_okx_out,"[""${NARROWGATE_CACHE_ROOT}/replay_dag/cross_venue_fair_price_trade_1s_v1/leave_okx_out/2026-06-02-c114577b10872fe5.parquet"",""${NARROWGATE_CACHE_ROOT}/replay_dag/cross_venue_fair_price_trade_1s_v1/leave_okx_out/2026-06-02-c114577b10872fe5.parquet.manifest.json""]",5549307,5554176,2,2,2026-08-01T11:47:11.812768Z,2026-08-01T11:47:11.818522Z,candidate token is referenced outside its own payload/manifest; preserve
frozen_historical_referenced,byte_identical_superseded_cross_venue_variant,${NARROWGATE_CACHE_ROOT}/replay_dag/cross_venue_fair_price_trade_1s_v1/leave_okx_out,"[""${NARROWGATE_CACHE_ROOT}/replay_dag/cross_venue_fair_price_trade_1s_v1/leave_okx_out/2026-06-03-1afded8a8c3b4787.parquet"",""${NARROWGATE_CACHE_ROOT}/replay_dag/cross_venue_fair_price_trade_1s_v1/leave_okx_out/2026-06-03-1afded8a8c3b4787.parquet.manifest.json""]",5581426,5582848,2,2,2026-08-01T11:47:19.811232Z,2026-08-01T11:47:19.816990Z,candidate token is referenced outside its own payload/manifest; preserve
frozen_historical_referenced,byte_identical_superseded_cross_venue_variant,${NARROWGATE_CACHE_ROOT}/replay_dag/cross_venue_fair_price_trade_1s_v1/leave_okx_out,"[""${NARROWGATE_CACHE_ROOT}/replay_dag/cross_venue_fair_price_trade_1s_v1/leave_okx_out/2026-06-05-453946acb413d555.parquet"",""${NARROWGATE_CACHE_ROOT}/replay_dag/cross_venue_fair_price_trade_1s_v1/leave_okx_out/2026-06-05-453946acb413d555.parquet.manifest.json""]",5590462,5595136,2,2,2026-08-01T11:47:26.766984Z,2026-08-01T11:47:26.772126Z,candidate token is referenced outside its own payload/manifest; preserve
frozen_historical_referenced,byte_identical_superseded_cross_venue_variant,${NARROWGATE_CACHE_ROOT}/replay_dag/cross_venue_fair_price_trade_1s_v1/leave_okx_out,"[""${NARROWGATE_CACHE_ROOT}/replay_dag/cross_venue_fair_price_trade_1s_v1/leave_okx_out/2026-06-06-11a54fcbfe1d5637.parquet"",""${NARROWGATE_CACHE_ROOT}/replay_dag/cross_venue_fair_price_trade_1s_v1/leave_okx_out/2026-06-06-11a54fcbfe1d5637.parquet.manifest.json""]",5386835,5390336,2,2,2026-08-01T11:47:33.313807Z,2026-08-01T11:47:33.318435Z,candidate token is referenced outside its own payload/manifest; preserve
frozen_historical_referenced,byte_identical_superseded_cross_venue_variant,${NARROWGATE_CACHE_ROOT}/replay_dag/cross_venue_fair_price_trade_1s_v1/leave_okx_out,"[""${NARROWGATE_CACHE_ROOT}/replay_dag/cross_venue_fair_price_trade_1s_v1/leave_okx_out/2026-06-07-e316fa44e39fa031.parquet"",""${NARROWGATE_CACHE_ROOT}/replay_dag/cross_venue_fair_price_trade_1s_v1/leave_okx_out/2026-06-07-e316fa44e39fa031.parquet.manifest.json""]",5452261,5455872,2,2,2026-08-01T11:47:39.783833Z,2026-08-01T11:47:39.789125Z,candidate token is referenced outside its own payload/manifest; preserve
frozen_historical_referenced,byte_identical_superseded_cross_venue_variant,${NARROWGATE_CACHE_ROOT}/replay_dag/cross_venue_fair_price_trade_1s_v1/leave_okx_out,"[""${NARROWGATE_CACHE_ROOT}/replay_dag/cross_venue_fair_price_trade_1s_v1/leave_okx_out/2026-06-08-fd7dac6e1eac2f2d.parquet"",""${NARROWGATE_CACHE_ROOT}/replay_dag/cross_venue_fair_price_trade_1s_v1/leave_okx_out/2026-06-08-fd7dac6e1eac2f2d.parquet.manifest.json""]",5537164,5541888,2,2,2026-08-01T11:47:47.662748Z,2026-08-01T11:47:47.668560Z,candidate token is referenced outside its own payload/manifest; preserve
frozen_historical_referenced,byte_identical_superseded_cross_venue_variant,${NARROWGATE_CACHE_ROOT}/replay_dag/cross_venue_fair_price_trade_1s_v1/leave_okx_out,"[""${NARROWGATE_CACHE_ROOT}/replay_dag/cross_venue_fair_price_trade_1s_v1/leave_okx_out/2026-06-09-e2974a8d49f87d3b.parquet"",""${NARROWGATE_CACHE_ROOT}/replay_dag/cross_venue_fair_price_trade_1s_v1/leave_okx_out/2026-06-09-e2974a8d49f87d3b.parquet.manifest.json""]",5486923,5488640,2,2,2026-08-01T11:47:54.812804Z,2026-08-01T11:47:54.818530Z,candidate token is referenced outside its own payload/manifest; preserve
frozen_historical_referenced,byte_identical_superseded_cross_venue_variant,${NARROWGATE_CACHE_ROOT}/replay_dag/cross_venue_fair_price_trade_1s_v1/leave_okx_out,"[""${NARROWGATE_CACHE_ROOT}/replay_dag/cross_venue_fair_price_trade_1s_v1/leave_okx_out/2026-06-10-bfdfeed6874e813d.parquet"",""${NARROWGATE_CACHE_ROOT}/replay_dag/cross_venue_fair_price_trade_1s_v1/leave_okx_out/2026-06-10-bfdfeed6874e813d.parquet.manifest.json""]",5544111,5545984,2,2,2026-08-01T11:48:01.585597Z,2026-08-01T11:48:01.591864Z,candidate token is referenced outside its own payload/manifest; preserve
frozen_historical_referenced,byte_identical_superseded_cross_venue_variant,${NARROWGATE_CACHE_ROOT}/replay_dag/cross_venue_fair_price_trade_1s_v1/leave_okx_out,"[""${NARROWGATE_CACHE_ROOT}/replay_dag/cross_venue_fair_price_trade_1s_v1/leave_okx_out/2026-06-11-66bb01ab1972e09a.parquet"",""${NARROWGATE_CACHE_ROOT}/replay_dag/cross_venue_fair_price_trade_1s_v1/leave_okx_out/2026-06-11-66bb01ab1972e09a.parquet.manifest.json""]",5391859,5394432,2,2,2026-08-01T11:48:08.160012Z,2026-08-01T11:48:08.164811Z,candidate token is referenced outside its own payload/manifest; preserve
frozen_historical_referenced,byte_identical_superseded_cross_venue_variant,${NARROWGATE_CACHE_ROOT}/replay_dag/cross_venue_fair_price_trade_1s_v1/leave_okx_out,"[""${NARROWGATE_CACHE_ROOT}/replay_dag/cross_venue_fair_price_trade_1s_v1/leave_okx_out/2026-06-12-9ef105126b78b73e.parquet"",""${NARROWGATE_CACHE_ROOT}/replay_dag/cross_venue_fair_price_trade_1s_v1/leave_okx_out/2026-06-12-9ef105126b78b73e.parquet.manifest.json""]",5185733,5189632,2,2,2026-08-01T11:48:15.675698Z,2026-08-01T11:48:15.681249Z,candidate token is referenced outside its own payload/manifest; preserve
frozen_historical_referenced,byte_identical_superseded_cross_venue_variant,${NARROWGATE_CACHE_ROOT}/replay_dag/cross_venue_fair_price_trade_1s_v1/leave_okx_out,"[""${NARROWGATE_CACHE_ROOT}/replay_dag/cross_venue_fair_price_trade_1s_v1/leave_okx_out/2026-06-13-2d985de581efd9c9.parquet"",""${NARROWGATE_CACHE_ROOT}/replay_dag/cross_venue_fair_price_trade_1s_v1/leave_okx_out/2026-06-13-2d985de581efd9c9.parquet.manifest.json""]",4848461,4853760,2,2,2026-08-01T11:48:22.636556Z,2026-08-01T11:48:22.643041Z,candidate token is referenced outside its own payload/manifest; preserve
frozen_historical_referenced,byte_identical_superseded_cross_venue_variant,${NARROWGATE_CACHE_ROOT}/replay_dag/cross_venue_fair_price_trade_1s_v1/leave_okx_out,"[""${NARROWGATE_CACHE_ROOT}/replay_dag/cross_venue_fair_price_trade_1s_v1/leave_okx_out/2026-06-14-6cae1f5078d48684.parquet"",""${NARROWGATE_CACHE_ROOT}/replay_dag/cross_venue_fair_price_trade_1s_v1/leave_okx_out/2026-06-14-6cae1f5078d48684.parquet.manifest.json""]",5015168,5017600,2,2,2026-08-01T11:48:29.157037Z,2026-08-01T11:48:29.162659Z,candidate token is referenced outside its own payload/manifest; preserve
frozen_historical_referenced,byte_identical_superseded_cross_venue_variant,${NARROWGATE_CACHE_ROOT}/replay_dag/cross_venue_fair_price_trade_1s_v1/leave_okx_out,"[""${NARROWGATE_CACHE_ROOT}/replay_dag/cross_venue_fair_price_trade_1s_v1/leave_okx_out/2026-06-15-ef684f837d0fd9f3.parquet"",""${NARROWGATE_CACHE_ROOT}/replay_dag/cross_venue_fair_price_trade_1s_v1/leave_okx_out/2026-06-15-ef684f837d0fd9f3.parquet.manifest.json""]",5426534,5431296,2,2,2026-08-01T11:48:36.006957Z,2026-08-01T11:48:36.013228Z,candidate token is referenced outside its own payload/manifest; preserve
frozen_historical_referenced,byte_identical_superseded_cross_venue_variant,${NARROWGATE_CACHE_ROOT}/replay_dag/cross_venue_fair_price_trade_1s_v1/leave_okx_out,"[""${NARROWGATE_CACHE_ROOT}/replay_dag/cross_venue_fair_price_trade_1s_v1/leave_okx_out/2026-06-16-bb44d19c4da63833.parquet"",""${NARROWGATE_CACHE_ROOT}/replay_dag/cross_venue_fair_price_trade_1s_v1/leave_okx_out/2026-06-16-bb44d19c4da63833.parquet.manifest.json""]",5267460,5271552,2,2,2026-08-01T11:48:43.788578Z,2026-08-01T11:48:43.794708Z,candidate token is referenced outside its own payload/manifest; preserve
frozen_historical_referenced,byte_identical_superseded_cross_venue_variant,${NARROWGATE_CACHE_ROOT}/replay_dag/cross_venue_fair_price_trade_1s_v1/leave_okx_out,"[""${NARROWGATE_CACHE_ROOT}/replay_dag/cross_venue_fair_price_trade_1s_v1/leave_okx_out/2026-06-17-5448841641c755a8.parquet"",""${NARROWGATE_CACHE_ROOT}/replay_dag/cross_venue_fair_price_trade_1s_v1/leave_okx_out/2026-06-17-5448841641c755a8.parquet.manifest.json""]",5304199,5308416,2,2,2026-08-01T11:48:51.340986Z,2026-08-01T11:48:51.347530Z,candidate token is referenced outside its own payload/manifest; preserve
frozen_historical_referenced,byte_identical_superseded_cross_venue_variant,${NARROWGATE_CACHE_ROOT}/replay_dag/cross_venue_fair_price_trade_1s_v1/leave_okx_out,"[""${NARROWGATE_CACHE_ROOT}/replay_dag/cross_venue_fair_price_trade_1s_v1/leave_okx_out/2026-06-18-4478ce9d23860801.parquet"",""${NARROWGATE_CACHE_ROOT}/replay_dag/cross_venue_fair_price_trade_1s_v1/leave_okx_out/2026-06-18-4478ce9d23860801.parquet.manifest.json""]",5365821,5369856,2,2,2026-08-01T11:48:58.589786Z,2026-08-01T11:48:58.596158Z,candidate token is referenced outside its own payload/manifest; preserve
frozen_historical_referenced,byte_identical_superseded_cross_venue_variant,${NARROWGATE_CACHE_ROOT}/replay_dag/cross_venue_fair_price_trade_1s_v1/leave_okx_out,"[""${NARROWGATE_CACHE_ROOT}/replay_dag/cross_venue_fair_price_trade_1s_v1/leave_okx_out/2026-06-19-b3b73720b31e126a.parquet"",""${NARROWGATE_CACHE_ROOT}/replay_dag/cross_venue_fair_price_trade_1s_v1/leave_okx_out/2026-06-19-b3b73720b31e126a.parquet.manifest.json""]",4978567,4980736,2,2,2026-08-01T11:49:05.745515Z,2026-08-01T11:49:05.752362Z,candidate token is referenced outside its own payload/manifest; preserve
frozen_historical_referenced,byte_identical_superseded_cross_venue_variant,${NARROWGATE_CACHE_ROOT}/replay_dag/cross_venue_fair_price_trade_1s_v1/leave_okx_out,"[""${NARROWGATE_CACHE_ROOT}/replay_dag/cross_venue_fair_price_trade_1s_v1/leave_okx_out/2026-06-20-39a46504d1badd63.parquet"",""${NARROWGATE_CACHE_ROOT}/replay_dag/cross_venue_fair_price_trade_1s_v1/leave_okx_out/2026-06-20-39a46504d1badd63.parquet.manifest.json""]",4705699,4710400,2,2,2026-08-01T11:49:13.784031Z,2026-08-01T11:49:13.789566Z,candidate token is referenced outside its own payload/manifest; preserve
frozen_historical_referenced,byte_identical_superseded_cross_venue_variant,${NARROWGATE_CACHE_ROOT}/replay_dag/cross_venue_fair_price_trade_1s_v1/leave_okx_out,"[""${NARROWGATE_CACHE_ROOT}/replay_dag/cross_venue_fair_price_trade_1s_v1/leave_okx_out/2026-06-21-16c50f50e06d2f58.parquet"",""${NARROWGATE_CACHE_ROOT}/replay_dag/cross_venue_fair_price_trade_1s_v1/leave_okx_out/2026-06-21-16c50f50e06d2f58.parquet.manifest.json""]",4656606,4661248,2,2,2026-08-01T11:49:21.385801Z,2026-08-01T11:49:21.391215Z,candidate token is referenced outside its own payload/manifest; preserve
frozen_historical_referenced,byte_identical_superseded_cross_venue_variant,${NARROWGATE_CACHE_ROOT}/replay_dag/cross_venue_fair_price_trade_1s_v1/leave_okx_out,"[""${NARROWGATE_CACHE_ROOT}/replay_dag/cross_venue_fair_price_trade_1s_v1/leave_okx_out/2026-06-22-db3cbec4581050f0.parquet"",""${NARROWGATE_CACHE_ROOT}/replay_dag/cross_venue_fair_price_trade_1s_v1/leave_okx_out/2026-06-22-db3cbec4581050f0.parquet.manifest.json""]",5273711,5275648,2,2,2026-08-01T11:49:28.984416Z,2026-08-01T11:49:28.990334Z,candidate token is referenced outside its own payload/manifest; preserve
frozen_historical_referenced,byte_identical_superseded_cross_venue_variant,${NARROWGATE_CACHE_ROOT}/replay_dag/cross_venue_fair_price_trade_1s_v1/leave_okx_out,"[""${NARROWGATE_CACHE_ROOT}/replay_dag/cross_venue_fair_price_trade_1s_v1/leave_okx_out/2026-06-23-4510527cad11fd0b.parquet"",""${NARROWGATE_CACHE_ROOT}/replay_dag/cross_venue_fair_price_trade_1s_v1/leave_okx_out/2026-06-23-4510527cad11fd0b.parquet.manifest.json""]",5193017,5197824,2,2,2026-08-01T11:49:36.910012Z,2026-08-01T11:49:36.915296Z,candidate token is referenced outside its own payload/manifest; preserve
frozen_historical_referenced,byte_identical_superseded_cross_venue_variant,${NARROWGATE_CACHE_ROOT}/replay_dag/cross_venue_fair_price_trade_1s_v1/leave_okx_out,"[""${NARROWGATE_CACHE_ROOT}/replay_dag/cross_venue_fair_price_trade_1s_v1/leave_okx_out/2026-06-24-26039b5a8b6872ca.parquet"",""${NARROWGATE_CACHE_ROOT}/replay_dag/cross_venue_fair_price_trade_1s_v1/leave_okx_out/2026-06-24-26039b5a8b6872ca.parquet.manifest.json""]",5340827,5345280,2,2,2026-08-01T11:49:45.548083Z,2026-08-01T11:49:45.555044Z,candidate token is referenced outside its own payload/manifest; preserve
frozen_historical_referenced,byte_identical_superseded_cross_venue_variant,${NARROWGATE_CACHE_ROOT}/replay_dag/cross_venue_fair_price_trade_1s_v1/leave_okx_out,"[""${NARROWGATE_CACHE_ROOT}/replay_dag/cross_venue_fair_price_trade_1s_v1/leave_okx_out/2026-06-25-4e455d6b530b06e8.parquet"",""${NARROWGATE_CACHE_ROOT}/replay_dag/cross_venue_fair_price_trade_1s_v1/leave_okx_out/2026-06-25-4e455d6b530b06e8.parquet.manifest.json""]",5426233,5431296,2,2,2026-08-01T11:49:54.155976Z,2026-08-01T11:49:54.162954Z,candidate token is referenced outside its own payload/manifest; preserve
frozen_historical_referenced,byte_identical_superseded_cross_venue_variant,${NARROWGATE_CACHE_ROOT}/replay_dag/cross_venue_fair_price_trade_1s_v1/leave_okx_out,"[""${NARROWGATE_CACHE_ROOT}/replay_dag/cross_venue_fair_price_trade_1s_v1/leave_okx_out/2026-06-26-0da13bc38e82d6ea.parquet"",""${NARROWGATE_CACHE_ROOT}/replay_dag/cross_venue_fair_price_trade_1s_v1/leave_okx_out/2026-06-26-0da13bc38e82d6ea.parquet.manifest.json""]",5447099,5451776,2,2,2026-08-01T11:50:02.199693Z,2026-08-01T11:50:02.204596Z,candidate token is referenced outside its own payload/manifest; preserve
frozen_historical_referenced,legacy_directory_cache,${NARROWGATE_CACHE_ROOT}/window_cache/active_order_queue_tape_v3,"[""${NARROWGATE_CACHE_ROOT}/window_cache/active_order_queue_tape_v3""]",262787948,263720960,455,455,2026-07-28T02:19:43.913002Z,2026-07-28T06:53:42.132258Z,frozen F06 manifests reference the relocated legacy cache root
frozen_historical_referenced,legacy_directory_cache,${NARROWGATE_CACHE_ROOT}/window_cache/paired_action_resolution_mechanics_v1,"[""${NARROWGATE_CACHE_ROOT}/window_cache/paired_action_resolution_mechanics_v1""]",54035088,54362112,200,200,2026-07-28T14:55:40.932767Z,2026-07-28T16:13:26.024145Z,frozen F06 feasibility identities and default code path consume this node
frozen_historical_referenced,legacy_directory_cache,${NARROWGATE_CACHE_ROOT}/window_cache/paired_action_resolution_sparse_tape_v1,"[""${NARROWGATE_CACHE_ROOT}/window_cache/paired_action_resolution_sparse_tape_v1""]",360718354,361496576,350,350,2026-07-28T14:55:42.220733Z,2026-07-28T16:13:18.237953Z,frozen F06 feasibility identities and default code path consume this node
frozen_historical_referenced,legacy_directory_cache,${NARROWGATE_CACHE_ROOT}/window_cache/paired_placement_mechanics_v2,"[""${NARROWGATE_CACHE_ROOT}/window_cache/paired_placement_mechanics_v2""]",356785178,357261312,260,260,2026-07-28T02:19:43.912325Z,2026-07-28T06:53:45.221938Z,frozen F06 placement manifests reference the relocated legacy cache root
frozen_historical_referenced,legacy_directory_cache,${NARROWGATE_CACHE_ROOT}/window_cache/request_state_mechanics_v2,"[""${NARROWGATE_CACHE_ROOT}/window_cache/request_state_mechanics_v2""]",3478741,3489792,4,4,2026-07-28T01:08:28.834197Z,2026-07-28T01:08:31.217299Z,frozen request-state panel manifests bind this relocated root
frozen_historical_referenced,legacy_directory_cache,${NARROWGATE_CACHE_ROOT}/window_cache/request_state_mechanics_v2_corrected_ml_context,"[""${NARROWGATE_CACHE_ROOT}/window_cache/request_state_mechanics_v2_corrected_ml_context""]",369612400,370028544,200,200,2026-07-28T06:54:54.424473Z,2026-07-28T06:55:36.377838Z,corrected ML-context mechanics cache is part of frozen F06 evidence
frozen_historical_referenced,legacy_directory_cache,${NARROWGATE_CACHE_ROOT}/window_cache/request_state_mechanics_v3,"[""${NARROWGATE_CACHE_ROOT}/window_cache/request_state_mechanics_v3""]",16534246,16547840,8,8,2026-07-28T01:17:14.931172Z,2026-07-28T01:19:32.723179Z,frozen request-state v3 panel manifests bind this relocated root
frozen_historical_referenced,legacy_window_v13,${NARROWGATE_CACHE_ROOT}/window_cache/btcusdc_2025-08-02_tick_window_v13_ffee228a39e9420b.pkl,"[""${NARROWGATE_CACHE_ROOT}/window_cache/btcusdc_2025-08-02_tick_window_v13_ffee228a39e9420b.pkl""]",1196773651,1196777472,1,1,2026-07-31T03:53:27.567444Z,2026-07-31T03:53:27.567444Z,exact basename appears in a frozen/evidence manifest
frozen_historical_referenced,legacy_window_v13,${NARROWGATE_CACHE_ROOT}/window_cache/btcusdc_2025-08-03_tick_window_v13_bc15b05d6bd00586.pkl,"[""${NARROWGATE_CACHE_ROOT}/window_cache/btcusdc_2025-08-03_tick_window_v13_bc15b05d6bd00586.pkl""]",1185416509,1185419264,1,1,2026-07-31T03:53:27.496260Z,2026-07-31T03:53:27.496260Z,exact basename appears in a frozen/evidence manifest
frozen_historical_referenced,legacy_window_v13,${NARROWGATE_CACHE_ROOT}/window_cache/btcusdc_2025-08-04_tick_window_v13_aab8b9d04b92152a.pkl,"[""${NARROWGATE_CACHE_ROOT}/window_cache/btcusdc_2025-08-04_tick_window_v13_aab8b9d04b92152a.pkl""]",1185411464,1185415168,1,1,2026-07-31T03:53:28.902722Z,2026-07-31T03:53:28.902722Z,exact basename appears in a frozen/evidence manifest
frozen_historical_referenced,legacy_window_v13,${NARROWGATE_CACHE_ROOT}/window_cache/btcusdc_2025-08-05_tick_window_v13_3df8d5ee46a65b3b.pkl,"[""${NARROWGATE_CACHE_ROOT}/window_cache/btcusdc_2025-08-05_tick_window_v13_3df8d5ee46a65b3b.pkl""]",1189178583,1189179392,1,1,2026-07-31T03:53:29.051030Z,2026-07-31T03:53:29.051030Z,exact basename appears in a frozen/evidence manifest
frozen_historical_referenced,legacy_window_v13,${NARROWGATE_CACHE_ROOT}/window_cache/btcusdc_2025-08-06_tick_window_v13_3e827b701f5b9ec0.pkl,"[""${NARROWGATE_CACHE_ROOT}/window_cache/btcusdc_2025-08-06_tick_window_v13_3e827b701f5b9ec0.pkl""]",1185672141,1185673216,1,1,2026-07-31T03:53:30.144311Z,2026-07-31T03:53:30.144311Z,exact basename appears in a frozen/evidence manifest
frozen_historical_referenced,legacy_window_v13,${NARROWGATE_CACHE_ROOT}/window_cache/btcusdc_2025-08-07_tick_window_v13_e8227014aa0419ce.pkl,"[""${NARROWGATE_CACHE_ROOT}/window_cache/btcusdc_2025-08-07_tick_window_v13_e8227014aa0419ce.pkl""]",1187187541,1187188736,1,1,2026-07-31T03:53:30.398026Z,2026-07-31T03:53:30.398026Z,exact basename appears in a frozen/evidence manifest
frozen_historical_referenced,legacy_window_v13,${NARROWGATE_CACHE_ROOT}/window_cache/btcusdc_2025-08-08_tick_window_v13_66772daa3879dfe5.pkl,"[""${NARROWGATE_CACHE_ROOT}/window_cache/btcusdc_2025-08-08_tick_window_v13_66772daa3879dfe5.pkl""]",1187476510,1187479552,1,1,2026-07-31T03:53:31.654437Z,2026-07-31T03:53:31.654437Z,exact basename appears in a frozen/evidence manifest
frozen_historical_referenced,legacy_window_v13,${NARROWGATE_CACHE_ROOT}/window_cache/btcusdc_2025-08-09_tick_window_v13_83e7b36b21a7ee92.pkl,"[""${NARROWGATE_CACHE_ROOT}/window_cache/btcusdc_2025-08-09_tick_window_v13_83e7b36b21a7ee92.pkl""]",1182415856,1182416896,1,1,2026-07-31T03:54:50.175563Z,2026-07-31T03:54:50.175563Z,exact basename appears in a frozen/evidence manifest
frozen_historical_referenced,legacy_window_v13,${NARROWGATE_CACHE_ROOT}/window_cache/btcusdc_2025-08-10_tick_window_v13_a6c60c9a0dc47739.pkl,"[""${NARROWGATE_CACHE_ROOT}/window_cache/btcusdc_2025-08-10_tick_window_v13_a6c60c9a0dc47739.pkl""]",1187243302,1187246080,1,1,2026-07-31T03:54:52.220049Z,2026-07-31T03:54:52.220049Z,exact basename appears in a frozen/evidence manifest
frozen_historical_referenced,legacy_window_v13,${NARROWGATE_CACHE_ROOT}/window_cache/btcusdc_2025-08-11_tick_window_v13_ee5af11de74da6da.pkl,"[""${NARROWGATE_CACHE_ROOT}/window_cache/btcusdc_2025-08-11_tick_window_v13_ee5af11de74da6da.pkl""]",1202477044,1202479104,1,1,2026-07-31T03:54:53.201745Z,2026-07-31T03:54:53.201745Z,exact basename appears in a frozen/evidence manifest
frozen_historical_referenced,legacy_window_v13,${NARROWGATE_CACHE_ROOT}/window_cache/btcusdc_2025-08-12_tick_window_v13_7afe1449d9e8de56.pkl,"[""${NARROWGATE_CACHE_ROOT}/window_cache/btcusdc_2025-08-12_tick_window_v13_7afe1449d9e8de56.pkl""]",1199858653,1199861760,1,1,2026-07-31T03:54:54.186667Z,2026-07-31T03:54:54.186667Z,exact basename appears in a frozen/evidence manifest
frozen_historical_referenced,legacy_window_v13,${NARROWGATE_CACHE_ROOT}/window_cache/btcusdc_2025-08-13_tick_window_v13_5ed352e5a1e0c9d8.pkl,"[""${NARROWGATE_CACHE_ROOT}/window_cache/btcusdc_2025-08-13_tick_window_v13_5ed352e5a1e0c9d8.pkl""]",1204340283,1204342784,1,1,2026-07-31T03:54:55.258780Z,2026-07-31T03:54:55.258780Z,exact basename appears in a frozen/evidence manifest
frozen_historical_referenced,legacy_window_v13,${NARROWGATE_CACHE_ROOT}/window_cache/btcusdc_2025-08-14_tick_window_v13_435a296384ee0dd7.pkl,"[""${NARROWGATE_CACHE_ROOT}/window_cache/btcusdc_2025-08-14_tick_window_v13_435a296384ee0dd7.pkl""]",1210742229,1210744832,1,1,2026-07-31T03:54:56.427743Z,2026-07-31T03:54:56.427743Z,exact basename appears in a frozen/evidence manifest
frozen_historical_referenced,legacy_window_v13,${NARROWGATE_CACHE_ROOT}/window_cache/btcusdc_2025-08-15_tick_window_v13_9c2c408e9885e53d.pkl,"[""${NARROWGATE_CACHE_ROOT}/window_cache/btcusdc_2025-08-15_tick_window_v13_9c2c408e9885e53d.pkl""]",1198660964,1198661632,1,1,2026-07-31T03:54:57.327215Z,2026-07-31T03:54:57.327215Z,exact basename appears in a frozen/evidence manifest
frozen_historical_referenced,legacy_window_v13,${NARROWGATE_CACHE_ROOT}/window_cache/btcusdc_2025-08-16_tick_window_v13_fab273bc4038ea9a.pkl,"[""${NARROWGATE_CACHE_ROOT}/window_cache/btcusdc_2025-08-16_tick_window_v13_fab273bc4038ea9a.pkl""]",1182494529,1182494720,1,1,2026-07-31T03:54:57.931172Z,2026-07-31T03:54:57.931172Z,exact basename appears in a frozen/evidence manifest
frozen_historical_referenced,legacy_window_v13,${NARROWGATE_CACHE_ROOT}/window_cache/btcusdc_2025-08-17_tick_window_v13_8871c9775c15fef4.pkl,"[""${NARROWGATE_CACHE_ROOT}/window_cache/btcusdc_2025-08-17_tick_window_v13_8871c9775c15fef4.pkl""]",1180038935,1180041216,1,1,2026-07-31T03:54:58.773161Z,2026-07-31T03:54:58.773161Z,exact basename appears in a frozen/evidence manifest
frozen_historical_referenced,legacy_window_v13,${NARROWGATE_CACHE_ROOT}/window_cache/btcusdc_2025-08-18_tick_window_v13_d7d59a52245c77f2.pkl,"[""${NARROWGATE_CACHE_ROOT}/window_cache/btcusdc_2025-08-18_tick_window_v13_d7d59a52245c77f2.pkl""]",1196898432,1196900352,1,1,2026-07-31T03:54:59.700012Z,2026-07-31T03:54:59.700012Z,exact basename appears in a frozen/evidence manifest
frozen_historical_referenced,legacy_window_v13,${NARROWGATE_CACHE_ROOT}/window_cache/btcusdc_2025-08-19_tick_window_v13_e50bd6e1daed27c8.pkl,"[""${NARROWGATE_CACHE_ROOT}/window_cache/btcusdc_2025-08-19_tick_window_v13_e50bd6e1daed27c8.pkl""]",1200643811,1200644096,1,1,2026-07-31T03:55:00.660266Z,2026-07-31T03:55:00.660266Z,exact basename appears in a frozen/evidence manifest
frozen_historical_referenced,legacy_window_v13,${NARROWGATE_CACHE_ROOT}/window_cache/btcusdc_2025-08-20_tick_window_v13_ab0a0406f3dd9fc5.pkl,"[""${NARROWGATE_CACHE_ROOT}/window_cache/btcusdc_2025-08-20_tick_window_v13_ab0a0406f3dd9fc5.pkl""]",1196394199,1196396544,1,1,2026-07-31T03:55:01.575450Z,2026-07-31T03:55:01.575450Z,exact basename appears in a frozen/evidence manifest
frozen_historical_referenced,legacy_window_v13,${NARROWGATE_CACHE_ROOT}/window_cache/btcusdc_2025-08-21_tick_window_v13_c37de5d315567fed.pkl,"[""${NARROWGATE_CACHE_ROOT}/window_cache/btcusdc_2025-08-21_tick_window_v13_c37de5d315567fed.pkl""]",1192950967,1192951808,1,1,2026-07-31T03:55:02.436594Z,2026-07-31T03:55:02.436594Z,exact basename appears in a frozen/evidence manifest
frozen_historical_referenced,legacy_window_v13,${NARROWGATE_CACHE_ROOT}/window_cache/btcusdc_2025-08-24_tick_window_v13_012708951a6f0df8.pkl,"[""${NARROWGATE_CACHE_ROOT}/window_cache/btcusdc_2025-08-24_tick_window_v13_012708951a6f0df8.pkl""]",1185095478,1185095680,1,1,2026-07-31T03:55:03.428807Z,2026-07-31T03:55:03.428807Z,exact basename appears in a frozen/evidence manifest
frozen_historical_referenced,legacy_window_v13,${NARROWGATE_CACHE_ROOT}/window_cache/btcusdc_2025-08-25_tick_window_v13_24da3d23a21ea819.pkl,"[""${NARROWGATE_CACHE_ROOT}/window_cache/btcusdc_2025-08-25_tick_window_v13_24da3d23a21ea819.pkl""]",1202186428,1202188288,1,1,2026-07-31T03:55:04.552958Z,2026-07-31T03:55:04.552958Z,exact basename appears in a frozen/evidence manifest
frozen_historical_referenced,legacy_window_v13,${NARROWGATE_CACHE_ROOT}/window_cache/btcusdc_2025-08-26_tick_window_v13_0b8916d6068e4137.pkl,"[""${NARROWGATE_CACHE_ROOT}/window_cache/btcusdc_2025-08-26_tick_window_v13_0b8916d6068e4137.pkl""]",1202263779,1202266112,1,1,2026-07-31T03:55:05.503066Z,2026-07-31T03:55:05.503066Z,exact basename appears in a frozen/evidence manifest
frozen_historical_referenced,legacy_window_v13,${NARROWGATE_CACHE_ROOT}/window_cache/btcusdc_2025-08-27_tick_window_v13_9c4a627711f7aa78.pkl,"[""${NARROWGATE_CACHE_ROOT}/window_cache/btcusdc_2025-08-27_tick_window_v13_9c4a627711f7aa78.pkl""]",1197073987,1197076480,1,1,2026-07-31T03:55:06.394126Z,2026-07-31T03:55:06.394126Z,exact basename appears in a frozen/evidence manifest
frozen_historical_referenced,legacy_window_v13,${NARROWGATE_CACHE_ROOT}/window_cache/btcusdc_2025-09-01_tick_window_v13_5bae104017909a09.pkl,"[""${NARROWGATE_CACHE_ROOT}/window_cache/btcusdc_2025-09-01_tick_window_v13_5bae104017909a09.pkl""]",1181427000,1181429760,1,1,2026-07-31T03:55:07.706788Z,2026-07-31T03:55:07.706788Z,exact basename appears in a frozen/evidence manifest
frozen_historical_referenced,legacy_window_v13,${NARROWGATE_CACHE_ROOT}/window_cache/btcusdc_2025-09-06_tick_window_v13_34fc35de1c6580fa.pkl,"[""${NARROWGATE_CACHE_ROOT}/window_cache/btcusdc_2025-09-06_tick_window_v13_34fc35de1c6580fa.pkl""]",1170952439,1170956288,1,1,2026-07-31T03:55:08.163840Z,2026-07-31T03:55:08.163840Z,exact basename appears in a frozen/evidence manifest
frozen_historical_referenced,legacy_window_v13,${NARROWGATE_CACHE_ROOT}/window_cache/btcusdc_2025-09-07_tick_window_v13_1bb232f646719c89.pkl,"[""${NARROWGATE_CACHE_ROOT}/window_cache/btcusdc_2025-09-07_tick_window_v13_1bb232f646719c89.pkl""]",1160886476,1160888320,1,1,2026-07-31T03:55:08.982419Z,2026-07-31T03:55:08.982419Z,exact basename appears in a frozen/evidence manifest
frozen_historical_referenced,legacy_window_v13,${NARROWGATE_CACHE_ROOT}/window_cache/btcusdc_2025-09-12_tick_window_v13_9c54163daee29d8d.pkl,"[""${NARROWGATE_CACHE_ROOT}/window_cache/btcusdc_2025-09-12_tick_window_v13_9c54163daee29d8d.pkl""]",1190028842,1190031360,1,1,2026-07-31T03:55:10.172229Z,2026-07-31T03:55:10.172229Z,exact basename appears in a frozen/evidence manifest
frozen_historical_referenced,legacy_window_v13,${NARROWGATE_CACHE_ROOT}/window_cache/btcusdc_2025-09-13_tick_window_v13_c01a243a89167521.pkl,"[""${NARROWGATE_CACHE_ROOT}/window_cache/btcusdc_2025-09-13_tick_window_v13_c01a243a89167521.pkl""]",1178091402,1178091520,1,1,2026-07-31T03:55:10.859389Z,2026-07-31T03:55:10.859389Z,exact basename appears in a frozen/evidence manifest
frozen_historical_referenced,legacy_window_v13,${NARROWGATE_CACHE_ROOT}/window_cache/btcusdc_2025-09-14_tick_window_v13_9ede831cd84402a7.pkl,"[""${NARROWGATE_CACHE_ROOT}/window_cache/btcusdc_2025-09-14_tick_window_v13_9ede831cd84402a7.pkl""]",1170622016,1170624512,1,1,2026-07-31T03:55:11.377590Z,2026-07-31T03:55:11.377590Z,exact basename appears in a frozen/evidence manifest
frozen_historical_referenced,legacy_window_v13,${NARROWGATE_CACHE_ROOT}/window_cache/btcusdc_2025-09-15_tick_window_v13_9bc7317e46c2d926.pkl,"[""${NARROWGATE_CACHE_ROOT}/window_cache/btcusdc_2025-09-15_tick_window_v13_9bc7317e46c2d926.pkl""]",1183936444,1183936512,1,1,2026-07-31T03:55:12.468686Z,2026-07-31T03:55:12.468686Z,exact basename appears in a frozen/evidence manifest
frozen_historical_referenced,legacy_window_v13,${NARROWGATE_CACHE_ROOT}/window_cache/btcusdc_2025-09-18_tick_window_v13_8f092c64ba516d30.pkl,"[""${NARROWGATE_CACHE_ROOT}/window_cache/btcusdc_2025-09-18_tick_window_v13_8f092c64ba516d30.pkl""]",1190626089,1190629376,1,1,2026-07-31T03:55:13.301603Z,2026-07-31T03:55:13.301603Z,exact basename appears in a frozen/evidence manifest
frozen_historical_referenced,legacy_window_v13,${NARROWGATE_CACHE_ROOT}/window_cache/btcusdc_2025-09-19_tick_window_v13_4063063a1694a138.pkl,"[""${NARROWGATE_CACHE_ROOT}/window_cache/btcusdc_2025-09-19_tick_window_v13_4063063a1694a138.pkl""]",1182812763,1182814208,1,1,2026-07-31T03:55:14.067495Z,2026-07-31T03:55:14.067495Z,exact basename appears in a frozen/evidence manifest
frozen_historical_referenced,legacy_window_v13,${NARROWGATE_CACHE_ROOT}/window_cache/btcusdc_2025-09-20_tick_window_v13_fcab21b574c26bd8.pkl,"[""${NARROWGATE_CACHE_ROOT}/window_cache/btcusdc_2025-09-20_tick_window_v13_fcab21b574c26bd8.pkl""]",1154128818,1154129920,1,1,2026-07-31T03:55:14.490071Z,2026-07-31T03:55:14.490071Z,exact basename appears in a frozen/evidence manifest
frozen_historical_referenced,legacy_window_v13,${NARROWGATE_CACHE_ROOT}/window_cache/btcusdc_2025-09-21_tick_window_v13_8bd05ba22db96cce.pkl,"[""${NARROWGATE_CACHE_ROOT}/window_cache/btcusdc_2025-09-21_tick_window_v13_8bd05ba22db96cce.pkl""]",1136920000,1136922624,1,1,2026-07-31T03:55:15.322872Z,2026-07-31T03:55:15.322872Z,exact basename appears in a frozen/evidence manifest
frozen_historical_referenced,legacy_window_v13,${NARROWGATE_CACHE_ROOT}/window_cache/btcusdc_2025-09-22_tick_window_v13_1c68a22cf0fa513b.pkl,"[""${NARROWGATE_CACHE_ROOT}/window_cache/btcusdc_2025-09-22_tick_window_v13_1c68a22cf0fa513b.pkl""]",1172823326,1172824064,1,1,2026-07-31T03:55:16.261010Z,2026-07-31T03:55:16.261010Z,exact basename appears in a frozen/evidence manifest
frozen_historical_referenced,legacy_window_v13,${NARROWGATE_CACHE_ROOT}/window_cache/btcusdc_2025-09-23_tick_window_v13_81d71d9a41345cc3.pkl,"[""${NARROWGATE_CACHE_ROOT}/window_cache/btcusdc_2025-09-23_tick_window_v13_81d71d9a41345cc3.pkl""]",1187023389,1187024896,1,1,2026-07-31T03:55:17.097916Z,2026-07-31T03:55:17.097916Z,exact basename appears in a frozen/evidence manifest
frozen_historical_referenced,legacy_window_v13,${NARROWGATE_CACHE_ROOT}/window_cache/btcusdc_2025-09-28_tick_window_v13_57a200ce7c0cf565.pkl,"[""${NARROWGATE_CACHE_ROOT}/window_cache/btcusdc_2025-09-28_tick_window_v13_57a200ce7c0cf565.pkl""]",1136449433,1136451584,1,1,2026-07-31T03:55:17.762773Z,2026-07-31T03:55:17.762773Z,exact basename appears in a frozen/evidence manifest
frozen_historical_referenced,legacy_window_v13,${NARROWGATE_CACHE_ROOT}/window_cache/btcusdc_2025-09-29_tick_window_v13_42c913793b507727.pkl,"[""${NARROWGATE_CACHE_ROOT}/window_cache/btcusdc_2025-09-29_tick_window_v13_42c913793b507727.pkl""]",1164936936,1164939264,1,1,2026-07-31T03:55:18.695798Z,2026-07-31T03:55:18.695798Z,exact basename appears in a frozen/evidence manifest
frozen_historical_referenced,legacy_window_v13,${NARROWGATE_CACHE_ROOT}/window_cache/btcusdc_2025-09-30_tick_window_v13_c40225bc48357e2d.pkl,"[""${NARROWGATE_CACHE_ROOT}/window_cache/btcusdc_2025-09-30_tick_window_v13_c40225bc48357e2d.pkl""]",1190681105,1190682624,1,1,2026-07-31T03:55:19.583885Z,2026-07-31T03:55:19.583885Z,exact basename appears in a frozen/evidence manifest
frozen_historical_referenced,legacy_window_v13,${NARROWGATE_CACHE_ROOT}/window_cache/btcusdc_2025-10-01_tick_window_v13_6834352dd8f0645b.pkl,"[""${NARROWGATE_CACHE_ROOT}/window_cache/btcusdc_2025-10-01_tick_window_v13_6834352dd8f0645b.pkl""]",1193319572,1193320448,1,1,2026-07-31T03:55:20.428819Z,2026-07-31T03:55:20.428819Z,exact basename appears in a frozen/evidence manifest
frozen_historical_referenced,legacy_window_v13,${NARROWGATE_CACHE_ROOT}/window_cache/btcusdc_2025-10-06_tick_window_v13_bd535e129463e8dc.pkl,"[""${NARROWGATE_CACHE_ROOT}/window_cache/btcusdc_2025-10-06_tick_window_v13_bd535e129463e8dc.pkl""]",1204400699,1204404224,1,1,2026-07-31T03:55:21.953707Z,2026-07-31T03:55:21.953707Z,exact basename appears in a frozen/evidence manifest
frozen_historical_referenced,legacy_window_v13,${NARROWGATE_CACHE_ROOT}/window_cache/btcusdc_2025-10-07_tick_window_v13_3748233377d09499.pkl,"[""${NARROWGATE_CACHE_ROOT}/window_cache/btcusdc_2025-10-07_tick_window_v13_3748233377d09499.pkl""]",1210609015,1210609664,1,1,2026-07-31T03:55:22.894490Z,2026-07-31T03:55:22.894490Z,exact basename appears in a frozen/evidence manifest
frozen_historical_referenced,legacy_window_v13,${NARROWGATE_CACHE_ROOT}/window_cache/btcusdc_2025-10-08_tick_window_v13_f3256454a1e76778.pkl,"[""${NARROWGATE_CACHE_ROOT}/window_cache/btcusdc_2025-10-08_tick_window_v13_f3256454a1e76778.pkl""]",1204929622,1204932608,1,1,2026-07-31T03:55:23.809121Z,2026-07-31T03:55:23.809121Z,exact basename appears in a frozen/evidence manifest
frozen_historical_referenced,legacy_window_v13,${NARROWGATE_CACHE_ROOT}/window_cache/btcusdc_2025-10-09_tick_window_v13_78eaf6dac2534c60.pkl,"[""${NARROWGATE_CACHE_ROOT}/window_cache/btcusdc_2025-10-09_tick_window_v13_78eaf6dac2534c60.pkl""]",1197339310,1197342720,1,1,2026-07-31T03:55:24.648206Z,2026-07-31T03:55:24.648206Z,exact basename appears in a frozen/evidence manifest
frozen_historical_referenced,legacy_window_v13,${NARROWGATE_CACHE_ROOT}/window_cache/btcusdc_2025-10-20_tick_window_v13_1b36166eb30e4364.pkl,"[""${NARROWGATE_CACHE_ROOT}/window_cache/btcusdc_2025-10-20_tick_window_v13_1b36166eb30e4364.pkl""]",1200091104,1200091136,1,1,2026-07-31T03:55:26.082697Z,2026-07-31T03:55:26.082697Z,exact basename appears in a frozen/evidence manifest
frozen_historical_referenced,legacy_window_v13,${NARROWGATE_CACHE_ROOT}/window_cache/btcusdc_2025-10-24_tick_window_v13_2acd0756217380d4.pkl,"[""${NARROWGATE_CACHE_ROOT}/window_cache/btcusdc_2025-10-24_tick_window_v13_2acd0756217380d4.pkl""]",1200343212,1200345088,1,1,2026-07-31T03:55:26.974480Z,2026-07-31T03:55:26.974480Z,exact basename appears in a frozen/evidence manifest
frozen_historical_referenced,legacy_window_v13,${NARROWGATE_CACHE_ROOT}/window_cache/btcusdc_2025-10-27_tick_window_v13_2e67709879b9eca0.pkl,"[""${NARROWGATE_CACHE_ROOT}/window_cache/btcusdc_2025-10-27_tick_window_v13_2e67709879b9eca0.pkl""]",1197255073,1197256704,1,1,2026-07-31T03:55:28.249050Z,2026-07-31T03:55:28.249050Z,exact basename appears in a frozen/evidence manifest
frozen_historical_referenced,legacy_window_v13,${NARROWGATE_CACHE_ROOT}/window_cache/btcusdc_2025-10-28_tick_window_v13_cf1e7b80f7a797f7.pkl,"[""${NARROWGATE_CACHE_ROOT}/window_cache/btcusdc_2025-10-28_tick_window_v13_cf1e7b80f7a797f7.pkl""]",1207083758,1207087104,1,1,2026-07-31T03:55:29.234886Z,2026-07-31T03:55:29.234886Z,exact basename appears in a frozen/evidence manifest
frozen_historical_referenced,legacy_window_v13,${NARROWGATE_CACHE_ROOT}/window_cache/btcusdc_2025-10-29_tick_window_v13_c33e89f5fca53334.pkl,"[""${NARROWGATE_CACHE_ROOT}/window_cache/btcusdc_2025-10-29_tick_window_v13_c33e89f5fca53334.pkl""]",1207918235,1207918592,1,1,2026-07-31T03:55:30.117657Z,2026-07-31T03:55:30.117657Z,exact basename appears in a frozen/evidence manifest
frozen_historical_referenced,legacy_window_v13,${NARROWGATE_CACHE_ROOT}/window_cache/btcusdc_2025-11-02_tick_window_v13_108d6ad997c6e3a2.pkl,"[""${NARROWGATE_CACHE_ROOT}/window_cache/btcusdc_2025-11-02_tick_window_v13_108d6ad997c6e3a2.pkl""]",1194931648,1194934272,1,1,2026-07-31T03:55:31.241638Z,2026-07-31T03:55:31.241638Z,exact basename appears in a frozen/evidence manifest
frozen_historical_referenced,legacy_window_v13,${NARROWGATE_CACHE_ROOT}/window_cache/btcusdc_2025-11-09_tick_window_v13_15f909f049bd7443.pkl,"[""${NARROWGATE_CACHE_ROOT}/window_cache/btcusdc_2025-11-09_tick_window_v13_15f909f049bd7443.pkl""]",1209141390,1209143296,1,1,2026-07-31T03:55:32.758382Z,2026-07-31T03:55:32.758382Z,exact basename appears in a frozen/evidence manifest
frozen_historical_referenced,legacy_window_v13,${NARROWGATE_CACHE_ROOT}/window_cache/btcusdc_2025-11-23_tick_window_v13_daefe84a0f5219b1.pkl,"[""${NARROWGATE_CACHE_ROOT}/window_cache/btcusdc_2025-11-23_tick_window_v13_daefe84a0f5219b1.pkl""]",1217773280,1217773568,1,1,2026-07-31T03:55:34.032557Z,2026-07-31T03:55:34.032557Z,exact basename appears in a frozen/evidence manifest
frozen_historical_referenced,legacy_window_v13,${NARROWGATE_CACHE_ROOT}/window_cache/btcusdc_2025-11-27_tick_window_v13_e4e5ed2c7b2167f4.pkl,"[""${NARROWGATE_CACHE_ROOT}/window_cache/btcusdc_2025-11-27_tick_window_v13_e4e5ed2c7b2167f4.pkl""]",1207527794,1207529472,1,1,2026-07-31T03:55:35.203393Z,2026-07-31T03:55:35.203393Z,exact basename appears in a frozen/evidence manifest
frozen_historical_referenced,legacy_window_v13,${NARROWGATE_CACHE_ROOT}/window_cache/btcusdc_2025-11-28_tick_window_v13_8acab8764117d056.pkl,"[""${NARROWGATE_CACHE_ROOT}/window_cache/btcusdc_2025-11-28_tick_window_v13_8acab8764117d056.pkl""]",1213036597,1213038592,1,1,2026-07-31T03:55:36.107527Z,2026-07-31T03:55:36.107527Z,exact basename appears in a frozen/evidence manifest
frozen_historical_referenced,legacy_window_v13,${NARROWGATE_CACHE_ROOT}/window_cache/btcusdc_2025-11-29_tick_window_v13_ee9c6bddbed936aa.pkl,"[""${NARROWGATE_CACHE_ROOT}/window_cache/btcusdc_2025-11-29_tick_window_v13_ee9c6bddbed936aa.pkl""]",1196671550,1196675072,1,1,2026-07-31T03:55:36.714212Z,2026-07-31T03:55:36.714212Z,exact basename appears in a frozen/evidence manifest
frozen_historical_referenced,legacy_window_v13,${NARROWGATE_CACHE_ROOT}/window_cache/btcusdc_2025-11-30_tick_window_v13_67913c39617a1dd0.pkl,"[""${NARROWGATE_CACHE_ROOT}/window_cache/btcusdc_2025-11-30_tick_window_v13_67913c39617a1dd0.pkl""]",1195239802,1195241472,1,1,2026-07-31T03:55:37.928105Z,2026-07-31T03:55:37.928105Z,exact basename appears in a frozen/evidence manifest
frozen_historical_referenced,legacy_window_v13,${NARROWGATE_CACHE_ROOT}/window_cache/btcusdc_2025-12-07_tick_window_v13_42c3c093a844d30b.pkl,"[""${NARROWGATE_CACHE_ROOT}/window_cache/btcusdc_2025-12-07_tick_window_v13_42c3c093a844d30b.pkl""]",1205860010,1205862400,1,1,2026-07-31T03:55:38.842460Z,2026-07-31T03:55:38.842460Z,exact basename appears in a frozen/evidence manifest
frozen_historical_referenced,legacy_window_v13,${NARROWGATE_CACHE_ROOT}/window_cache/btcusdc_2025-12-13_tick_window_v13_b52d01c81f3346d7.pkl,"[""${NARROWGATE_CACHE_ROOT}/window_cache/btcusdc_2025-12-13_tick_window_v13_b52d01c81f3346d7.pkl""]",1175403018,1175404544,1,1,2026-07-31T03:55:39.954776Z,2026-07-31T03:55:39.954776Z,exact basename appears in a frozen/evidence manifest
frozen_historical_referenced,legacy_window_v13,${NARROWGATE_CACHE_ROOT}/window_cache/btcusdc_2025-12-14_tick_window_v13_a931ec8c3f9c2752.pkl,"[""${NARROWGATE_CACHE_ROOT}/window_cache/btcusdc_2025-12-14_tick_window_v13_a931ec8c3f9c2752.pkl""]",1184247735,1184247808,1,1,2026-07-31T03:55:40.504126Z,2026-07-31T03:55:40.504126Z,exact basename appears in a frozen/evidence manifest
frozen_historical_referenced,legacy_window_v13,${NARROWGATE_CACHE_ROOT}/window_cache/btcusdc_2025-12-21_tick_window_v13_0e092ee0eb8d0123.pkl,"[""${NARROWGATE_CACHE_ROOT}/window_cache/btcusdc_2025-12-21_tick_window_v13_0e092ee0eb8d0123.pkl""]",1164710613,1164713984,1,1,2026-07-31T03:55:41.767876Z,2026-07-31T03:55:41.767876Z,exact basename appears in a frozen/evidence manifest
frozen_historical_referenced,legacy_window_v13,${NARROWGATE_CACHE_ROOT}/window_cache/btcusdc_2025-12-24_tick_window_v13_60fc3868d9698bb9.pkl,"[""${NARROWGATE_CACHE_ROOT}/window_cache/btcusdc_2025-12-24_tick_window_v13_60fc3868d9698bb9.pkl""]",1199559262,1199562752,1,1,2026-07-31T03:55:42.666980Z,2026-07-31T03:55:42.666980Z,exact basename appears in a frozen/evidence manifest
frozen_historical_referenced,legacy_window_v13,${NARROWGATE_CACHE_ROOT}/window_cache/btcusdc_2025-12-25_tick_window_v13_e019a6e988b147ef.pkl,"[""${NARROWGATE_CACHE_ROOT}/window_cache/btcusdc_2025-12-25_tick_window_v13_e019a6e988b147ef.pkl""]",1183080467,1183084544,1,1,2026-07-31T03:55:43.382653Z,2026-07-31T03:55:43.382653Z,exact basename appears in a frozen/evidence manifest
frozen_historical_referenced,legacy_window_v13,${NARROWGATE_CACHE_ROOT}/window_cache/btcusdc_2025-12-26_tick_window_v13_2b297c03e10d56e8.pkl,"[""${NARROWGATE_CACHE_ROOT}/window_cache/btcusdc_2025-12-26_tick_window_v13_2b297c03e10d56e8.pkl""]",1197522353,1197522944,1,1,2026-07-31T03:55:44.771888Z,2026-07-31T03:55:44.771888Z,exact basename appears in a frozen/evidence manifest
frozen_historical_referenced,legacy_window_v13,${NARROWGATE_CACHE_ROOT}/window_cache/btcusdc_2025-12-27_tick_window_v13_5d09c0a9b282f0b6.pkl,"[""${NARROWGATE_CACHE_ROOT}/window_cache/btcusdc_2025-12-27_tick_window_v13_5d09c0a9b282f0b6.pkl""]",1168091780,1168093184,1,1,2026-07-31T03:55:45.222029Z,2026-07-31T03:55:45.222029Z,exact basename appears in a frozen/evidence manifest
frozen_historical_referenced,legacy_window_v13,${NARROWGATE_CACHE_ROOT}/window_cache/btcusdc_2025-12-28_tick_window_v13_387f5b67e30b4511.pkl,"[""${NARROWGATE_CACHE_ROOT}/window_cache/btcusdc_2025-12-28_tick_window_v13_387f5b67e30b4511.pkl""]",1149667152,1149669376,1,1,2026-07-31T03:55:46.168677Z,2026-07-31T03:55:46.168677Z,exact basename appears in a frozen/evidence manifest
frozen_historical_referenced,legacy_window_v13,${NARROWGATE_CACHE_ROOT}/window_cache/btcusdc_2025-12-31_tick_window_v13_582fcdc85c74235f.pkl,"[""${NARROWGATE_CACHE_ROOT}/window_cache/btcusdc_2025-12-31_tick_window_v13_582fcdc85c74235f.pkl""]",1197136499,1197137920,1,1,2026-07-31T03:55:47.233314Z,2026-07-31T03:55:47.233314Z,exact basename appears in a frozen/evidence manifest
frozen_historical_referenced,legacy_window_v13,${NARROWGATE_CACHE_ROOT}/window_cache/btcusdc_2026-04-13_tick_window_v13_01684d63e39bc93d.pkl,"[""${NARROWGATE_CACHE_ROOT}/window_cache/btcusdc_2026-04-13_tick_window_v13_01684d63e39bc93d.pkl""]",1198470230,1198473216,1,1,2026-07-31T04:21:32.917157Z,2026-07-31T04:21:32.917157Z,exact basename appears in a frozen/evidence manifest
frozen_historical_referenced,legacy_window_v13,${NARROWGATE_CACHE_ROOT}/window_cache/btcusdc_2026-04-20_tick_window_v13_b2fc11dfa51aea65.pkl,"[""${NARROWGATE_CACHE_ROOT}/window_cache/btcusdc_2026-04-20_tick_window_v13_b2fc11dfa51aea65.pkl""]",1207971430,1207971840,1,1,2026-07-31T04:21:32.968151Z,2026-07-31T04:21:32.968151Z,exact basename appears in a frozen/evidence manifest
frozen_historical_referenced,legacy_window_v13,${NARROWGATE_CACHE_ROOT}/window_cache/btcusdc_2026-04-22_tick_window_v13_ea09cb5d6f0a35aa.pkl,"[""${NARROWGATE_CACHE_ROOT}/window_cache/btcusdc_2026-04-22_tick_window_v13_ea09cb5d6f0a35aa.pkl""]",1225598821,1225601024,1,1,2026-07-31T04:21:34.801848Z,2026-07-31T04:21:34.801848Z,exact basename appears in a frozen/evidence manifest
frozen_historical_referenced,legacy_window_v13,${NARROWGATE_CACHE_ROOT}/window_cache/btcusdc_2026-04-23_tick_window_v13_bf247fbceb9a2559.pkl,"[""${NARROWGATE_CACHE_ROOT}/window_cache/btcusdc_2026-04-23_tick_window_v13_bf247fbceb9a2559.pkl""]",1225710030,1225711616,1,1,2026-07-31T04:21:35.947574Z,2026-07-31T04:21:35.947574Z,exact basename appears in a frozen/evidence manifest
frozen_historical_referenced,legacy_window_v13,${NARROWGATE_CACHE_ROOT}/window_cache/btcusdc_2026-05-01_tick_window_v13_35f9b12361384951.pkl,"[""${NARROWGATE_CACHE_ROOT}/window_cache/btcusdc_2026-05-01_tick_window_v13_35f9b12361384951.pkl""]",1214093434,1214095360,1,1,2026-07-31T04:21:37.199487Z,2026-07-31T04:21:37.199487Z,exact basename appears in a frozen/evidence manifest
frozen_historical_referenced,legacy_window_v13,${NARROWGATE_CACHE_ROOT}/window_cache/btcusdc_2026-05-02_tick_window_v13_5d256cec2c9831d6.pkl,"[""${NARROWGATE_CACHE_ROOT}/window_cache/btcusdc_2026-05-02_tick_window_v13_5d256cec2c9831d6.pkl""]",1186713423,1186713600,1,1,2026-07-31T04:21:37.650359Z,2026-07-31T04:21:37.650359Z,exact basename appears in a frozen/evidence manifest
frozen_historical_referenced,legacy_window_v13,${NARROWGATE_CACHE_ROOT}/window_cache/btcusdc_2026-05-03_tick_window_v13_af6cf4e49400c545.pkl,"[""${NARROWGATE_CACHE_ROOT}/window_cache/btcusdc_2026-05-03_tick_window_v13_af6cf4e49400c545.pkl""]",1176055741,1176055808,1,1,2026-07-31T04:21:38.777400Z,2026-07-31T04:21:38.777400Z,exact basename appears in a frozen/evidence manifest
frozen_historical_referenced,legacy_window_v13,${NARROWGATE_CACHE_ROOT}/window_cache/btcusdc_2026-05-04_tick_window_v13_1fd9840e1c243ef0.pkl,"[""${NARROWGATE_CACHE_ROOT}/window_cache/btcusdc_2026-05-04_tick_window_v13_1fd9840e1c243ef0.pkl""]",1218895013,1218895872,1,1,2026-07-31T04:21:39.950267Z,2026-07-31T04:21:39.950267Z,exact basename appears in a frozen/evidence manifest
frozen_historical_referenced,legacy_window_v13,${NARROWGATE_CACHE_ROOT}/window_cache/btcusdc_2026-05-05_tick_window_v13_9b0a70efc35cb448.pkl,"[""${NARROWGATE_CACHE_ROOT}/window_cache/btcusdc_2026-05-05_tick_window_v13_9b0a70efc35cb448.pkl""]",1232520180,1232523264,1,1,2026-07-31T04:21:40.943486Z,2026-07-31T04:21:40.943486Z,exact basename appears in a frozen/evidence manifest
frozen_historical_referenced,legacy_window_v13,${NARROWGATE_CACHE_ROOT}/window_cache/btcusdc_2026-05-08_tick_window_v13_df35ffb901a4c191.pkl,"[""${NARROWGATE_CACHE_ROOT}/window_cache/btcusdc_2026-05-08_tick_window_v13_df35ffb901a4c191.pkl""]",1223788039,1223790592,1,1,2026-07-31T04:21:42.603591Z,2026-07-31T04:21:42.603591Z,exact basename appears in a frozen/evidence manifest
frozen_historical_referenced,legacy_window_v13,${NARROWGATE_CACHE_ROOT}/window_cache/btcusdc_2026-05-11_tick_window_v13_15898a30b4c4f73d.pkl,"[""${NARROWGATE_CACHE_ROOT}/window_cache/btcusdc_2026-05-11_tick_window_v13_15898a30b4c4f73d.pkl""]",1222751910,1222754304,1,1,2026-07-31T04:21:44.100225Z,2026-07-31T04:21:44.100225Z,exact basename appears in a frozen/evidence manifest
frozen_historical_referenced,legacy_window_v13,${NARROWGATE_CACHE_ROOT}/window_cache/btcusdc_2026-05-15_tick_window_v13_daa32ca3b4cb1746.pkl,"[""${NARROWGATE_CACHE_ROOT}/window_cache/btcusdc_2026-05-15_tick_window_v13_daa32ca3b4cb1746.pkl""]",1235025318,1235025920,1,1,2026-07-31T04:21:46.138608Z,2026-07-31T04:21:46.138608Z,exact basename appears in a frozen/evidence manifest
frozen_historical_referenced,legacy_window_v13,${NARROWGATE_CACHE_ROOT}/window_cache/btcusdc_2026-05-16_tick_window_v13_1d239634bb7a7ce2.pkl,"[""${NARROWGATE_CACHE_ROOT}/window_cache/btcusdc_2026-05-16_tick_window_v13_1d239634bb7a7ce2.pkl""]",1212995945,1212997632,1,1,2026-07-31T04:21:46.994743Z,2026-07-31T04:21:46.994743Z,exact basename appears in a frozen/evidence manifest
frozen_historical_referenced,legacy_window_v13,${NARROWGATE_CACHE_ROOT}/window_cache/btcusdc_2026-06-03_tick_window_v13_170d971b15454fba.pkl,"[""${NARROWGATE_CACHE_ROOT}/window_cache/btcusdc_2026-06-03_tick_window_v13_170d971b15454fba.pkl""]",1240062111,1240064000,1,1,2026-07-31T04:21:49.515647Z,2026-07-31T04:21:49.515647Z,exact basename appears in a frozen/evidence manifest
frozen_historical_referenced,legacy_window_v13,${NARROWGATE_CACHE_ROOT}/window_cache/btcusdc_2026-06-06_tick_window_v13_c0ed28e1e7edcb04.pkl,"[""${NARROWGATE_CACHE_ROOT}/window_cache/btcusdc_2026-06-06_tick_window_v13_c0ed28e1e7edcb04.pkl""]",1235084711,1235087360,1,1,2026-07-31T04:21:50.634577Z,2026-07-31T04:21:50.634577Z,exact basename appears in a frozen/evidence manifest
frozen_historical_referenced,legacy_window_v13,${NARROWGATE_CACHE_ROOT}/window_cache/btcusdc_2026-06-07_tick_window_v13_2f5d9fb32d5b98fe.pkl,"[""${NARROWGATE_CACHE_ROOT}/window_cache/btcusdc_2026-06-07_tick_window_v13_2f5d9fb32d5b98fe.pkl""]",1236637534,1236639744,1,1,2026-07-31T04:21:51.900250Z,2026-07-31T04:21:51.900250Z,exact basename appears in a frozen/evidence manifest
frozen_historical_referenced,legacy_window_v13,${NARROWGATE_CACHE_ROOT}/window_cache/btcusdc_2026-06-08_tick_window_v13_e4ea18381e1f4ff4.pkl,"[""${NARROWGATE_CACHE_ROOT}/window_cache/btcusdc_2026-06-08_tick_window_v13_e4ea18381e1f4ff4.pkl""]",1241996504,1241997312,1,1,2026-07-31T04:21:53.540604Z,2026-07-31T04:21:53.540604Z,exact basename appears in a frozen/evidence manifest
frozen_historical_referenced,legacy_window_v13,${NARROWGATE_CACHE_ROOT}/window_cache/btcusdc_2026-06-09_tick_window_v13_c9cb6a0965050341.pkl,"[""${NARROWGATE_CACHE_ROOT}/window_cache/btcusdc_2026-06-09_tick_window_v13_c9cb6a0965050341.pkl""]",1249385255,1249386496,1,1,2026-07-31T04:21:54.653307Z,2026-07-31T04:21:54.653307Z,exact basename appears in a frozen/evidence manifest
frozen_historical_referenced,legacy_window_v13,${NARROWGATE_CACHE_ROOT}/window_cache/btcusdc_2026-06-13_tick_window_v13_9ca52118523d588f.pkl,"[""${NARROWGATE_CACHE_ROOT}/window_cache/btcusdc_2026-06-13_tick_window_v13_9ca52118523d588f.pkl""]",1200489983,1200492544,1,1,2026-07-31T04:21:55.710329Z,2026-07-31T04:21:55.710329Z,exact basename appears in a frozen/evidence manifest
frozen_historical_referenced,legacy_window_v13,${NARROWGATE_CACHE_ROOT}/window_cache/btcusdc_2026-06-15_tick_window_v13_165e8c11ee7656db.pkl,"[""${NARROWGATE_CACHE_ROOT}/window_cache/btcusdc_2026-06-15_tick_window_v13_165e8c11ee7656db.pkl""]",1215235730,1215238144,1,1,2026-07-31T04:21:56.937357Z,2026-07-31T04:21:56.937357Z,exact basename appears in a frozen/evidence manifest
frozen_historical_referenced,legacy_window_v13,${NARROWGATE_CACHE_ROOT}/window_cache/btcusdc_2026-06-16_tick_window_v13_c1fa7409cc166be3.pkl,"[""${NARROWGATE_CACHE_ROOT}/window_cache/btcusdc_2026-06-16_tick_window_v13_c1fa7409cc166be3.pkl""]",1218769400,1218772992,1,1,2026-07-31T04:21:57.840917Z,2026-07-31T04:21:57.840917Z,exact basename appears in a frozen/evidence manifest
frozen_historical_referenced,legacy_window_v13,${NARROWGATE_CACHE_ROOT}/window_cache/btcusdc_2026-06-17_tick_window_v13_3975e82ae7162b24.pkl,"[""${NARROWGATE_CACHE_ROOT}/window_cache/btcusdc_2026-06-17_tick_window_v13_3975e82ae7162b24.pkl""]",1229890354,1229893632,1,1,2026-07-31T04:21:58.912661Z,2026-07-31T04:21:58.912661Z,exact basename appears in a frozen/evidence manifest
frozen_historical_referenced,legacy_window_v13,${NARROWGATE_CACHE_ROOT}/window_cache/btcusdc_2026-06-18_tick_window_v13_62eb3b4f699df1ad.pkl,"[""${NARROWGATE_CACHE_ROOT}/window_cache/btcusdc_2026-06-18_tick_window_v13_62eb3b4f699df1ad.pkl""]",1225734845,1225736192,1,1,2026-07-31T04:22:00.241881Z,2026-07-31T04:22:00.241881Z,exact basename appears in a frozen/evidence manifest
frozen_historical_referenced,legacy_window_v13,${NARROWGATE_CACHE_ROOT}/window_cache/btcusdc_2026-06-19_tick_window_v13_a4484d7f410a9160.pkl,"[""${NARROWGATE_CACHE_ROOT}/window_cache/btcusdc_2026-06-19_tick_window_v13_a4484d7f410a9160.pkl""]",1215536171,1220595712,1,1,2026-07-31T04:22:04.022458Z,2026-07-31T04:22:04.022458Z,exact basename appears in a frozen/evidence manifest
frozen_historical_referenced,legacy_window_v13,${NARROWGATE_CACHE_ROOT}/window_cache/btcusdc_2026-06-20_tick_window_v13_aa404e0742ae0a77.pkl,"[""${NARROWGATE_CACHE_ROOT}/window_cache/btcusdc_2026-06-20_tick_window_v13_aa404e0742ae0a77.pkl""]",1206478373,1206480896,1,1,2026-07-31T04:22:06.526392Z,2026-07-31T04:22:06.526392Z,exact basename appears in a frozen/evidence manifest
frozen_historical_referenced,legacy_window_v13,${NARROWGATE_CACHE_ROOT}/window_cache/btcusdc_2026-06-21_tick_window_v13_9f896b96b29f555e.pkl,"[""${NARROWGATE_CACHE_ROOT}/window_cache/btcusdc_2026-06-21_tick_window_v13_9f896b96b29f555e.pkl""]",1199990831,1199992832,1,1,2026-07-31T04:22:10.336063Z,2026-07-31T04:22:10.336063Z,exact basename appears in a frozen/evidence manifest
frozen_historical_referenced,legacy_window_v13,${NARROWGATE_CACHE_ROOT}/window_cache/btcusdc_2026-06-22_tick_window_v13_a4915647281b51d3.pkl,"[""${NARROWGATE_CACHE_ROOT}/window_cache/btcusdc_2026-06-22_tick_window_v13_a4915647281b51d3.pkl""]",1218865901,1223925760,1,1,2026-07-31T04:22:13.102616Z,2026-07-31T04:22:13.102616Z,exact basename appears in a frozen/evidence manifest
frozen_historical_referenced,legacy_window_v13,${NARROWGATE_CACHE_ROOT}/window_cache/btcusdc_2026-06-23_tick_window_v13_229413592b74c6d5.pkl,"[""${NARROWGATE_CACHE_ROOT}/window_cache/btcusdc_2026-06-23_tick_window_v13_229413592b74c6d5.pkl""]",1223165536,1228226560,1,1,2026-07-31T04:22:15.422578Z,2026-07-31T04:22:15.422578Z,exact basename appears in a frozen/evidence manifest
frozen_historical_referenced,legacy_window_v13,${NARROWGATE_CACHE_ROOT}/window_cache/btcusdc_2026-06-26_tick_window_v13_94645d5e36ccba18.pkl,"[""${NARROWGATE_CACHE_ROOT}/window_cache/btcusdc_2026-06-26_tick_window_v13_94645d5e36ccba18.pkl""]",1250490352,1250492416,1,1,2026-07-31T04:22:20.737672Z,2026-07-31T04:22:20.737672Z,exact basename appears in a frozen/evidence manifest
frozen_historical_referenced,legacy_window_v13,${NARROWGATE_CACHE_ROOT}/window_cache/btcusdc_2026-06-29_tick_window_v13_5ba20dae1573281f.pkl,"[""${NARROWGATE_CACHE_ROOT}/window_cache/btcusdc_2026-06-29_tick_window_v13_5ba20dae1573281f.pkl""]",1235801978,1235804160,1,1,2026-07-31T04:22:23.309392Z,2026-07-31T04:22:23.309392Z,exact basename appears in a frozen/evidence manifest
frozen_historical_referenced,legacy_window_v13,${NARROWGATE_CACHE_ROOT}/window_cache/btcusdc_2026-07-03_tick_window_v13_18ed28bf49bae2a8.pkl,"[""${NARROWGATE_CACHE_ROOT}/window_cache/btcusdc_2026-07-03_tick_window_v13_18ed28bf49bae2a8.pkl""]",1214728665,1219792896,1,1,2026-07-31T04:22:27.109194Z,2026-07-31T04:22:27.109194Z,exact basename appears in a frozen/evidence manifest
frozen_historical_referenced,legacy_window_v13,${NARROWGATE_CACHE_ROOT}/window_cache/btcusdc_2026-07-04_tick_window_v13_e5d2b45fe4dbb109.pkl,"[""${NARROWGATE_CACHE_ROOT}/window_cache/btcusdc_2026-07-04_tick_window_v13_e5d2b45fe4dbb109.pkl""]",1204229986,1209290752,1,1,2026-07-31T04:22:31.180237Z,2026-07-31T04:22:31.180237Z,exact basename appears in a frozen/evidence manifest
frozen_historical_referenced,legacy_window_v13,${NARROWGATE_CACHE_ROOT}/window_cache/btcusdc_2026-07-05_tick_window_v13_19155cc1abb2f735.pkl,"[""${NARROWGATE_CACHE_ROOT}/window_cache/btcusdc_2026-07-05_tick_window_v13_19155cc1abb2f735.pkl""]",1201908344,1201909760,1,1,2026-07-31T04:22:33.497816Z,2026-07-31T04:22:33.497816Z,exact basename appears in a frozen/evidence manifest
frozen_historical_referenced,legacy_window_v13,${NARROWGATE_CACHE_ROOT}/window_cache/btcusdc_2026-07-06_tick_window_v13_9bcd4c9de1dcacdb.pkl,"[""${NARROWGATE_CACHE_ROOT}/window_cache/btcusdc_2026-07-06_tick_window_v13_9bcd4c9de1dcacdb.pkl""]",1227444375,1227448320,1,1,2026-07-31T04:22:37.940430Z,2026-07-31T04:22:37.940430Z,exact basename appears in a frozen/evidence manifest
frozen_historical_referenced,legacy_window_v13,${NARROWGATE_CACHE_ROOT}/window_cache/btcusdc_2026-07-07_tick_window_v13_6ea6568dd5957355.pkl,"[""${NARROWGATE_CACHE_ROOT}/window_cache/btcusdc_2026-07-07_tick_window_v13_6ea6568dd5957355.pkl""]",1231128795,1231130624,1,1,2026-07-31T04:22:39.148469Z,2026-07-31T04:22:39.148469Z,exact basename appears in a frozen/evidence manifest
frozen_historical_referenced,legacy_window_v13,${NARROWGATE_CACHE_ROOT}/window_cache/btcusdc_2026-07-08_tick_window_v13_facedc737286c481.pkl,"[""${NARROWGATE_CACHE_ROOT}/window_cache/btcusdc_2026-07-08_tick_window_v13_facedc737286c481.pkl""]",1231191133,1231192064,1,1,2026-07-31T04:22:46.901095Z,2026-07-31T04:22:46.901095Z,exact basename appears in a frozen/evidence manifest
frozen_historical_referenced,legacy_window_v13,${NARROWGATE_CACHE_ROOT}/window_cache/btcusdc_2026-07-09_tick_window_v13_c707a3423290ff34.pkl,"[""${NARROWGATE_CACHE_ROOT}/window_cache/btcusdc_2026-07-09_tick_window_v13_c707a3423290ff34.pkl""]",1228620528,1228623872,1,1,2026-07-31T04:22:46.893829Z,2026-07-31T04:22:46.893829Z,exact basename appears in a frozen/evidence manifest
frozen_historical_referenced,legacy_window_v13,${NARROWGATE_CACHE_ROOT}/window_cache/btcusdc_2026-07-10_tick_window_v13_d902ee394689cf97.pkl,"[""${NARROWGATE_CACHE_ROOT}/window_cache/btcusdc_2026-07-10_tick_window_v13_d902ee394689cf97.pkl""]",1218370540,1218371584,1,1,2026-07-31T04:22:53.239295Z,2026-07-31T04:22:53.239295Z,exact basename appears in a frozen/evidence manifest
frozen_historical_referenced,legacy_window_v13,${NARROWGATE_CACHE_ROOT}/window_cache/btcusdc_2026-07-16_tick_window_v13_f70243b2617cbbba.pkl,"[""${NARROWGATE_CACHE_ROOT}/window_cache/btcusdc_2026-07-16_tick_window_v13_f70243b2617cbbba.pkl""]",1209540355,1209540608,1,1,2026-07-31T04:22:53.739222Z,2026-07-31T04:22:53.739222Z,exact basename appears in a frozen/evidence manifest
frozen_historical_referenced,legacy_window_v13,${NARROWGATE_CACHE_ROOT}/window_cache/btcusdc_2026-07-17_tick_window_v13_f3628939a9820c41.pkl,"[""${NARROWGATE_CACHE_ROOT}/window_cache/btcusdc_2026-07-17_tick_window_v13_f3628939a9820c41.pkl""]",1218962570,1218965504,1,1,2026-07-31T04:23:01.135735Z,2026-07-31T04:23:01.135735Z,exact basename appears in a frozen/evidence manifest
frozen_historical_referenced,legacy_window_v13,${NARROWGATE_CACHE_ROOT}/window_cache/btcusdc_2026-07-18_tick_window_v13_15579f7e0e6531cb.pkl,"[""${NARROWGATE_CACHE_ROOT}/window_cache/btcusdc_2026-07-18_tick_window_v13_15579f7e0e6531cb.pkl""]",1198620889,1198624768,1,1,2026-07-31T04:23:01.108692Z,2026-07-31T04:23:01.108692Z,exact basename appears in a frozen/evidence manifest
frozen_historical_referenced,legacy_window_v13,${NARROWGATE_CACHE_ROOT}/window_cache/btcusdc_2026-07-19_tick_window_v13_9149af1ad1aaa1c1.pkl,"[""${NARROWGATE_CACHE_ROOT}/window_cache/btcusdc_2026-07-19_tick_window_v13_9149af1ad1aaa1c1.pkl""]",1196387377,1201446912,1,1,2026-07-31T04:23:05.108943Z,2026-07-31T04:23:05.108943Z,exact basename appears in a frozen/evidence manifest
frozen_historical_referenced,legacy_window_v13,${NARROWGATE_CACHE_ROOT}/window_cache/btcusdc_2026-07-20_tick_window_v13_b5dd2029725bff3d.pkl,"[""${NARROWGATE_CACHE_ROOT}/window_cache/btcusdc_2026-07-20_tick_window_v13_b5dd2029725bff3d.pkl""]",1218021741,1223081984,1,1,2026-07-31T04:23:08.575736Z,2026-07-31T04:23:08.575736Z,exact basename appears in a frozen/evidence manifest
frozen_historical_referenced,legacy_window_v13,${NARROWGATE_CACHE_ROOT}/window_cache/btcusdc_2026-07-22_tick_window_v13_c358be57081a0477.pkl,"[""${NARROWGATE_CACHE_ROOT}/window_cache/btcusdc_2026-07-22_tick_window_v13_c358be57081a0477.pkl""]",1215957701,1215959040,1,1,2026-07-31T04:23:12.502381Z,2026-07-31T04:23:12.502381Z,exact basename appears in a frozen/evidence manifest
frozen_historical_referenced,legacy_window_v13,${NARROWGATE_CACHE_ROOT}/window_cache/btcusdc_2026-07-23_tick_window_v13_0220566073939c4e.pkl,"[""${NARROWGATE_CACHE_ROOT}/window_cache/btcusdc_2026-07-23_tick_window_v13_0220566073939c4e.pkl""]",1219270187,1219272704,1,1,2026-07-31T04:23:14.064672Z,2026-07-31T04:23:14.064672Z,exact basename appears in a frozen/evidence manifest
frozen_historical_referenced,p3_cache_node,${NARROWGATE_CACHE_ROOT}/p3_touch_reaches_v1,"[""${NARROWGATE_CACHE_ROOT}/p3_touch_reaches_v1""]",8563000,9031680,210,210,2026-08-03T05:22:26.099590Z,2026-08-03T05:22:32.929051Z,"These fixed-horizon reach labels are superseded for authoritative F02 work by the full reach-time surface, but remain cheap frozen evidence."
frozen_historical_referenced,p3_cache_node,${NARROWGATE_CACHE_ROOT}/p3_touch_window_context_v1,"[""${NARROWGATE_CACHE_ROOT}/p3_touch_window_context_v1""]",94971963,95391744,222,222,2026-08-03T06:53:04.696394Z,2026-08-03T06:53:16.980608Z,"The fixed-10s context is not the new reach-time authority, but frozen Specs bind exact files and hashes. Its small footprint does not justify breaking historical reproduction."
frozen_historical_referenced,replay_dag_node,${NARROWGATE_CACHE_ROOT}/replay_dag/cross_venue_fair_price_trade_1s_v1,"[""${NARROWGATE_CACHE_ROOT}/replay_dag/cross_venue_fair_price_trade_1s_v1""]",1754018217,1755160576,648,648,2026-08-01T11:24:38.780255Z,2026-08-01T12:19:41.307713Z,The fair-center action is closed and this 1s provider-clock adapter does not replace AWS receive-time BABEL inputs. Current frozen implementation variants remain reproducible inputs; byte-identical older implementation variants may be pruned separately.
frozen_historical_referenced,replay_dag_node,${NARROWGATE_CACHE_ROOT}/replay_dag/external_adverse_quote_edge_guard_mechanics_v1,"[""${NARROWGATE_CACHE_ROOT}/replay_dag/external_adverse_quote_edge_guard_mechanics_v1""]",5378279,5386240,4,4,2026-08-02T04:02:08.069451Z,2026-08-02T04:22:11.921177Z,"The report binds exact mechanics payload paths and SHA256 values. This is frozen evidence, not the reusable external receive-time source."
safely_unreferenced_deletion_candidate,repo_ephemeral_cache,.pytest_cache,"["".pytest_cache""]",268573,282624,5,5,2026-07-17T06:26:02.933549Z,2026-08-05T04:16:21.942054Z,interpreter/test/linter cache; reproducible and never a research artifact
safely_unreferenced_deletion_candidate,repo_ephemeral_cache,.ruff_cache,"["".ruff_cache""]",119033,552960,120,120,2026-07-17T06:25:57.975896Z,2026-08-05T04:16:21.790530Z,interpreter/test/linter cache; reproducible and never a research artifact
safely_unreferenced_deletion_candidate,repo_ephemeral_cache,__pycache__,"[""__pycache__""]",88396,94208,6,6,2026-07-17T08:15:25.978168Z,2026-08-04T10:52:36.797357Z,interpreter/test/linter cache; reproducible and never a research artifact
safely_unreferenced_deletion_candidate,repo_ephemeral_cache,data/__pycache__,"[""data/__pycache__""]",706950,774144,26,26,2026-07-17T08:43:59.540510Z,2026-08-03T02:00:00.156817Z,interpreter/test/linter cache; reproducible and never a research artifact
safely_unreferenced_deletion_candidate,repo_ephemeral_cache,data/quality/__pycache__,"[""data/quality/__pycache__""]",33501,40960,2,2,2026-08-03T00:23:48.834387Z,2026-08-03T00:23:48.840200Z,interpreter/test/linter cache; reproducible and never a research artifact
safely_unreferenced_deletion_candidate,repo_ephemeral_cache,execution/__pycache__,"[""execution/__pycache__""]",396433,438272,17,17,2026-07-26T08:48:19.520216Z,2026-08-05T04:07:36.223947Z,interpreter/test/linter cache; reproducible and never a research artifact
safely_unreferenced_deletion_candidate,repo_ephemeral_cache,features/__pycache__,"[""features/__pycache__""]",946762,1003520,23,23,2026-07-17T08:43:59.560515Z,2026-08-04T10:14:29.105906Z,interpreter/test/linter cache; reproducible and never a research artifact
safely_unreferenced_deletion_candidate,repo_ephemeral_cache,live/__pycache__,"[""live/__pycache__""]",239588,249856,6,6,2026-07-17T08:15:25.954661Z,2026-08-04T23:55:51.621503Z,interpreter/test/linter cache; reproducible and never a research artifact
safely_unreferenced_deletion_candidate,repo_ephemeral_cache,live/orderbook/__pycache__,"[""live/orderbook/__pycache__""]",27682,32768,2,2,2026-07-28T14:18:54.937758Z,2026-07-31T18:51:50.681899Z,interpreter/test/linter cache; reproducible and never a research artifact
safely_unreferenced_deletion_candidate,repo_ephemeral_cache,live/venues/__pycache__,"[""live/venues/__pycache__""]",97406,110592,5,5,2026-07-17T08:43:59.252615Z,2026-07-19T05:55:52.696913Z,interpreter/test/linter cache; reproducible and never a research artifact
safely_unreferenced_deletion_candidate,repo_ephemeral_cache,models/__pycache__,"[""models/__pycache__""]",3129870,3244032,61,61,2026-07-17T08:15:25.879434Z,2026-08-05T02:55:55.613468Z,interpreter/test/linter cache; reproducible and never a research artifact
safely_unreferenced_deletion_candidate,repo_ephemeral_cache,models/audit/__pycache__,"[""models/audit/__pycache__""]",3549558,3784704,106,106,2026-07-17T08:43:59.304420Z,2026-08-04T23:15:40.039965Z,interpreter/test/linter cache; reproducible and never a research artifact
safely_unreferenced_deletion_candidate,repo_ephemeral_cache,models/replay/__pycache__,"[""models/replay/__pycache__""]",315497,344064,14,14,2026-08-03T00:23:48.824747Z,2026-08-05T03:45:38.889166Z,interpreter/test/linter cache; reproducible and never a research artifact
safely_unreferenced_deletion_candidate,repo_ephemeral_cache,narrowgate/__pycache__,"[""narrowgate/__pycache__""]",8178,16384,3,3,2026-07-27T13:20:02.010199Z,2026-07-30T17:00:21.686277Z,interpreter/test/linter cache; reproducible and never a research artifact
safely_unreferenced_deletion_candidate,repo_ephemeral_cache,research/__pycache__,"[""research/__pycache__""]",247,4096,1,1,2026-07-28T18:36:23.448277Z,2026-07-28T18:36:23.448326Z,interpreter/test/linter cache; reproducible and never a research artifact
safely_unreferenced_deletion_candidate,repo_ephemeral_cache,research/families/__pycache__,"[""research/families/__pycache__""]",224,4096,1,1,2026-07-28T18:36:23.451161Z,2026-07-28T18:36:23.451195Z,interpreter/test/linter cache; reproducible and never a research artifact
safely_unreferenced_deletion_candidate,repo_ephemeral_cache,research/families/f01_fixed_parameter_racing/__pycache__,"[""research/families/f01_fixed_parameter_racing/__pycache__""]",350461,360448,5,5,2026-07-28T11:40:09.472026Z,2026-07-30T14:50:46.639045Z,interpreter/test/linter cache; reproducible and never a research artifact
safely_unreferenced_deletion_candidate,repo_ephemeral_cache,research/families/f01_fixed_parameter_racing/audit/__pycache__,"[""research/families/f01_fixed_parameter_racing/audit/__pycache__""]",8657,16384,2,2,2026-07-28T11:41:00.625486Z,2026-07-28T18:36:40.339499Z,interpreter/test/linter cache; reproducible and never a research artifact
safely_unreferenced_deletion_candidate,repo_ephemeral_cache,research/families/f02_empirical_p3_touch/__pycache__,"[""research/families/f02_empirical_p3_touch/__pycache__""]",27578,32768,2,2,2026-07-28T11:40:09.472277Z,2026-07-28T19:47:03.406488Z,interpreter/test/linter cache; reproducible and never a research artifact
safely_unreferenced_deletion_candidate,repo_ephemeral_cache,research/families/f02_empirical_p3_touch/audit/__pycache__,"[""research/families/f02_empirical_p3_touch/audit/__pycache__""]",726256,778240,22,22,2026-07-28T11:41:00.595799Z,2026-08-04T10:59:41.759662Z,interpreter/test/linter cache; reproducible and never a research artifact
safely_unreferenced_deletion_candidate,repo_ephemeral_cache,research/families/f03_causal_13_head/__pycache__,"[""research/families/f03_causal_13_head/__pycache__""]",130782,139264,4,4,2026-07-28T11:40:09.472495Z,2026-08-01T22:07:15.544108Z,interpreter/test/linter cache; reproducible and never a research artifact
safely_unreferenced_deletion_candidate,repo_ephemeral_cache,research/families/f03_causal_13_head/audit/__pycache__,"[""research/families/f03_causal_13_head/audit/__pycache__""]",1160876,1228800,35,35,2026-08-01T22:12:10.166826Z,2026-08-05T04:01:28.945194Z,interpreter/test/linter cache; reproducible and never a research artifact
safely_unreferenced_deletion_candidate,repo_ephemeral_cache,research/families/f04_external_market_alpha/__pycache__,"[""research/families/f04_external_market_alpha/__pycache__""]",220669,233472,6,6,2026-07-28T11:40:09.472714Z,2026-07-28T18:36:40.071225Z,interpreter/test/linter cache; reproducible and never a research artifact
safely_unreferenced_deletion_candidate,repo_ephemeral_cache,research/families/f04_external_market_alpha/audit/__pycache__,"[""research/families/f04_external_market_alpha/audit/__pycache__""]",238307,258048,9,9,2026-07-28T11:41:00.408994Z,2026-08-02T19:54:23.203705Z,interpreter/test/linter cache; reproducible and never a research artifact
safely_unreferenced_deletion_candidate,repo_ephemeral_cache,research/families/f05_fill_quality_quote_ev/__pycache__,"[""research/families/f05_fill_quality_quote_ev/__pycache__""]",158250,167936,4,4,2026-07-28T11:40:09.473011Z,2026-07-28T19:37:32.156708Z,interpreter/test/linter cache; reproducible and never a research artifact
safely_unreferenced_deletion_candidate,repo_ephemeral_cache,research/families/f05_fill_quality_quote_ev/audit/__pycache__,"[""research/families/f05_fill_quality_quote_ev/audit/__pycache__""]",563288,598016,17,17,2026-07-28T11:41:00.075439Z,2026-08-04T02:44:24.427915Z,interpreter/test/linter cache; reproducible and never a research artifact
safely_unreferenced_deletion_candidate,repo_ephemeral_cache,research/families/f06_placement_fill_cif/__pycache__,"[""research/families/f06_placement_fill_cif/__pycache__""]",441,4096,1,1,2026-07-28T11:44:58.906408Z,2026-07-28T11:44:58.906557Z,interpreter/test/linter cache; reproducible and never a research artifact
safely_unreferenced_deletion_candidate,repo_ephemeral_cache,research/families/f06_placement_fill_cif/audit/__pycache__,"[""research/families/f06_placement_fill_cif/audit/__pycache__""]",941972,1007616,31,31,2026-07-28T11:40:09.247687Z,2026-07-30T16:59:16.754623Z,interpreter/test/linter cache; reproducible and never a research artifact
safely_unreferenced_deletion_candidate,repo_ephemeral_cache,research/families/f07_active_order_continuation/__pycache__,"[""research/families/f07_active_order_continuation/__pycache__""]",262,4096,1,1,2026-07-28T11:40:09.473321Z,2026-07-28T11:40:09.473355Z,interpreter/test/linter cache; reproducible and never a research artifact
safely_unreferenced_deletion_candidate,repo_ephemeral_cache,research/families/f07_active_order_continuation/audit/__pycache__,"[""research/families/f07_active_order_continuation/audit/__pycache__""]",845582,884736,19,19,2026-07-28T11:40:59.422717Z,2026-08-05T04:08:54.600406Z,interpreter/test/linter cache; reproducible and never a research artifact
safely_unreferenced_deletion_candidate,repo_ephemeral_cache,research/families/f08_side_taker_lifecycle/__pycache__,"[""research/families/f08_side_taker_lifecycle/__pycache__""]",263,4096,1,1,2026-07-28T11:40:09.473578Z,2026-07-28T11:40:09.473619Z,interpreter/test/linter cache; reproducible and never a research artifact
safely_unreferenced_deletion_candidate,repo_ephemeral_cache,research/families/f08_side_taker_lifecycle/audit/__pycache__,"[""research/families/f08_side_taker_lifecycle/audit/__pycache__""]",192840,212992,8,8,2026-07-28T11:41:00.091015Z,2026-07-28T19:42:42.631284Z,interpreter/test/linter cache; reproducible and never a research artifact
safely_unreferenced_deletion_candidate,repo_ephemeral_cache,research/families/f09_campaign_action_uplift/__pycache__,"[""research/families/f09_campaign_action_uplift/__pycache__""]",15505,20480,2,2,2026-07-28T11:40:09.473856Z,2026-07-28T11:40:59.399981Z,interpreter/test/linter cache; reproducible and never a research artifact
safely_unreferenced_deletion_candidate,repo_ephemeral_cache,research/families/f09_campaign_action_uplift/audit/__pycache__,"[""research/families/f09_campaign_action_uplift/audit/__pycache__""]",2354186,2502656,72,72,2026-07-28T11:41:00.098522Z,2026-08-04T06:59:45.010555Z,interpreter/test/linter cache; reproducible and never a research artifact
safely_unreferenced_deletion_candidate,repo_ephemeral_cache,research/families/f10_live_replay_attribution/__pycache__,"[""research/families/f10_live_replay_attribution/__pycache__""]",261,4096,1,1,2026-07-28T11:40:09.474120Z,2026-07-28T11:40:09.474157Z,interpreter/test/linter cache; reproducible and never a research artifact
safely_unreferenced_deletion_candidate,repo_ephemeral_cache,research/families/f10_live_replay_attribution/audit/__pycache__,"[""research/families/f10_live_replay_attribution/audit/__pycache__""]",999356,1048576,22,22,2026-07-28T11:41:00.045017Z,2026-08-02T21:51:35.389596Z,interpreter/test/linter cache; reproducible and never a research artifact
safely_unreferenced_deletion_candidate,repo_ephemeral_cache,research/governance/__pycache__,"[""research/governance/__pycache__""]",19562,28672,3,3,2026-07-28T18:36:23.448528Z,2026-08-02T12:11:02.344363Z,interpreter/test/linter cache; reproducible and never a research artifact
safely_unreferenced_deletion_candidate,repo_ephemeral_cache,research/system_engineering/__pycache__,"[""research/system_engineering/__pycache__""]",253,4096,1,1,2026-07-28T11:40:09.474384Z,2026-07-28T11:40:09.474428Z,interpreter/test/linter cache; reproducible and never a research artifact
safely_unreferenced_deletion_candidate,repo_ephemeral_cache,research/system_engineering/audit/__pycache__,"[""research/system_engineering/audit/__pycache__""]",54080,65536,4,4,2026-07-28T11:41:00.294046Z,2026-07-28T18:36:39.972812Z,interpreter/test/linter cache; reproducible and never a research artifact
safely_unreferenced_deletion_candidate,repo_ephemeral_cache,scripts/__pycache__,"[""scripts/__pycache__""]",530912,573440,20,20,2026-07-17T08:50:42.387696Z,2026-08-05T04:16:21.928873Z,interpreter/test/linter cache; reproducible and never a research artifact
safely_unreferenced_deletion_candidate,repo_ephemeral_cache,strategy/__pycache__,"[""strategy/__pycache__""]",1046786,1093632,26,26,2026-07-17T08:15:25.854147Z,2026-08-04T22:22:17.190654Z,interpreter/test/linter cache; reproducible and never a research artifact
safely_unreferenced_deletion_candidate,repo_ephemeral_cache,tests/__pycache__,"[""tests/__pycache__""]",9233122,10268672,510,510,2026-07-17T08:15:26.030624Z,2026-08-05T04:08:18.321155Z,interpreter/test/linter cache; reproducible and never a research artifact
superseded_but_referenced,legacy_directory_cache,${NARROWGATE_CACHE_ROOT}/window_cache/components_v1,"[""${NARROWGATE_CACHE_ROOT}/window_cache/components_v1""]",2414336746,2414342144,4,4,2026-08-01T22:19:25.868034Z,2026-08-02T13:41:14.811024Z,legacy component reader/default path remains in code and a frozen F09 failure records component reads
superseded_but_referenced,legacy_directory_cache,${NARROWGATE_CACHE_ROOT}/window_cache/request_state_mechanics_v1,"[""${NARROWGATE_CACHE_ROOT}/window_cache/request_state_mechanics_v1""]",2856370,2863104,4,4,2026-07-28T00:50:56.925889Z,2026-07-28T00:51:58.673536Z,historical request-state cache retained for frozen reproduction
superseded_but_referenced,legacy_window_v12,${NARROWGATE_CACHE_ROOT}/window_cache/btcusdc_2026-04-17_tick_window_v12_1acf0698c50e3ba0.pkl,"[""${NARROWGATE_CACHE_ROOT}/window_cache/btcusdc_2026-04-17_tick_window_v12_1acf0698c50e3ba0.pkl""]",1204149607,1204150272,1,1,2026-07-29T05:52:40.923294Z,2026-07-29T05:52:40.923294Z,v12 variant identity remains unresolved against version/day semantic bindings
superseded_but_referenced,legacy_window_v12,${NARROWGATE_CACHE_ROOT}/window_cache/btcusdc_2026-04-17_tick_window_v12_b1522e84afebf489.pkl,"[""${NARROWGATE_CACHE_ROOT}/window_cache/btcusdc_2026-04-17_tick_window_v12_b1522e84afebf489.pkl""]",634583252,634585088,1,1,2026-07-28T21:36:47.702822Z,2026-07-28T21:36:47.702822Z,v12 variant identity remains unresolved against version/day semantic bindings
superseded_but_referenced,legacy_window_v12,${NARROWGATE_CACHE_ROOT}/window_cache/btcusdc_2026-04-17_tick_window_v12_fef1efbe04d95018.pkl,"[""${NARROWGATE_CACHE_ROOT}/window_cache/btcusdc_2026-04-17_tick_window_v12_fef1efbe04d95018.pkl""]",1204149607,1204150272,1,1,2026-07-30T22:23:13.363938Z,2026-07-30T22:23:13.363938Z,v12 variant identity remains unresolved against version/day semantic bindings
superseded_but_referenced,legacy_window_v12,${NARROWGATE_CACHE_ROOT}/window_cache/btcusdc_2026-04-18_tick_window_v12_1c6e122092dff419.pkl,"[""${NARROWGATE_CACHE_ROOT}/window_cache/btcusdc_2026-04-18_tick_window_v12_1c6e122092dff419.pkl""]",608821069,608821248,1,1,2026-07-28T21:41:30.498621Z,2026-07-28T21:41:30.498621Z,v12 variant identity remains unresolved against version/day semantic bindings
superseded_but_referenced,legacy_window_v12,${NARROWGATE_CACHE_ROOT}/window_cache/btcusdc_2026-04-18_tick_window_v12_8f7bc878c55db8ed.pkl,"[""${NARROWGATE_CACHE_ROOT}/window_cache/btcusdc_2026-04-18_tick_window_v12_8f7bc878c55db8ed.pkl""]",1183477312,1183477760,1,1,2026-07-30T23:13:37.537853Z,2026-07-30T23:13:37.537853Z,v12 variant identity remains unresolved against version/day semantic bindings
superseded_but_referenced,legacy_window_v12,${NARROWGATE_CACHE_ROOT}/window_cache/btcusdc_2026-04-18_tick_window_v12_df449823c15b6b5c.pkl,"[""${NARROWGATE_CACHE_ROOT}/window_cache/btcusdc_2026-04-18_tick_window_v12_df449823c15b6b5c.pkl""]",1183477312,1183477760,1,1,2026-07-29T08:08:04.313889Z,2026-07-29T08:08:04.313889Z,v12 variant identity remains unresolved against version/day semantic bindings
superseded_but_referenced,legacy_window_v12,${NARROWGATE_CACHE_ROOT}/window_cache/btcusdc_2026-04-19_tick_window_v12_731f446de42fe700.pkl,"[""${NARROWGATE_CACHE_ROOT}/window_cache/btcusdc_2026-04-19_tick_window_v12_731f446de42fe700.pkl""]",1184937352,1184940032,1,1,2026-07-30T23:21:07.908374Z,2026-07-30T23:21:07.908374Z,v12 variant identity remains unresolved against version/day semantic bindings
superseded_but_referenced,legacy_window_v12,${NARROWGATE_CACHE_ROOT}/window_cache/btcusdc_2026-04-19_tick_window_v12_bc89b5df7c1ddc1f.pkl,"[""${NARROWGATE_CACHE_ROOT}/window_cache/btcusdc_2026-04-19_tick_window_v12_bc89b5df7c1ddc1f.pkl""]",617011781,617013248,1,1,2026-07-28T21:41:31.525615Z,2026-07-28T21:41:31.525615Z,v12 variant identity remains unresolved against version/day semantic bindings
superseded_but_referenced,legacy_window_v12,${NARROWGATE_CACHE_ROOT}/window_cache/btcusdc_2026-04-19_tick_window_v12_c24b1a2a36e97aa8.pkl,"[""${NARROWGATE_CACHE_ROOT}/window_cache/btcusdc_2026-04-19_tick_window_v12_c24b1a2a36e97aa8.pkl""]",1184937352,1184940032,1,1,2026-07-29T08:08:05.596242Z,2026-07-29T08:08:05.596242Z,v12 variant identity remains unresolved against version/day semantic bindings
superseded_but_referenced,legacy_window_v12,${NARROWGATE_CACHE_ROOT}/window_cache/btcusdc_2026-04-20_tick_window_v12_02c953fb91e60772.pkl,"[""${NARROWGATE_CACHE_ROOT}/window_cache/btcusdc_2026-04-20_tick_window_v12_02c953fb91e60772.pkl""]",1196254676,1196257280,1,1,2026-07-30T23:05:14.174685Z,2026-07-30T23:05:14.174685Z,v12 variant identity remains unresolved against version/day semantic bindings
superseded_but_referenced,legacy_window_v12,${NARROWGATE_CACHE_ROOT}/window_cache/btcusdc_2026-04-20_tick_window_v12_76fc9d0dd60b31b3.pkl,"[""${NARROWGATE_CACHE_ROOT}/window_cache/btcusdc_2026-04-20_tick_window_v12_76fc9d0dd60b31b3.pkl""]",1196254676,1196257280,1,1,2026-07-29T08:08:07.421822Z,2026-07-29T08:08:07.421822Z,v12 variant identity remains unresolved against version/day semantic bindings
superseded_but_referenced,legacy_window_v12,${NARROWGATE_CACHE_ROOT}/window_cache/btcusdc_2026-04-20_tick_window_v12_ee0cc7a987a2c133.pkl,"[""${NARROWGATE_CACHE_ROOT}/window_cache/btcusdc_2026-04-20_tick_window_v12_ee0cc7a987a2c133.pkl""]",627250353,627253248,1,1,2026-07-28T21:41:32.326486Z,2026-07-28T21:41:32.326486Z,v12 variant identity remains unresolved against version/day semantic bindings
superseded_but_referenced,legacy_window_v12,${NARROWGATE_CACHE_ROOT}/window_cache/btcusdc_2026-04-22_tick_window_v12_436769fb8bdb4868.pkl,"[""${NARROWGATE_CACHE_ROOT}/window_cache/btcusdc_2026-04-22_tick_window_v12_436769fb8bdb4868.pkl""]",1213882067,1213882368,1,1,2026-07-30T23:29:41.232276Z,2026-07-30T23:29:41.232276Z,v12 variant identity remains unresolved against version/day semantic bindings
superseded_but_referenced,legacy_window_v12,${NARROWGATE_CACHE_ROOT}/window_cache/btcusdc_2026-04-22_tick_window_v12_d6929dd387d48bcf.pkl,"[""${NARROWGATE_CACHE_ROOT}/window_cache/btcusdc_2026-04-22_tick_window_v12_d6929dd387d48bcf.pkl""]",1213882067,1213882368,1,1,2026-07-29T08:08:08.368504Z,2026-07-29T08:08:08.368504Z,v12 variant identity remains unresolved against version/day semantic bindings
superseded_but_referenced,legacy_window_v12,${NARROWGATE_CACHE_ROOT}/window_cache/btcusdc_2026-04-22_tick_window_v12_db0530bfc6df538a.pkl,"[""${NARROWGATE_CACHE_ROOT}/window_cache/btcusdc_2026-04-22_tick_window_v12_db0530bfc6df538a.pkl""]",645476992,645480448,1,1,2026-07-28T21:41:33.805432Z,2026-07-28T21:41:33.805432Z,v12 variant identity remains unresolved against version/day semantic bindings
superseded_but_referenced,legacy_window_v12,${NARROWGATE_CACHE_ROOT}/window_cache/btcusdc_2026-04-23_tick_window_v12_aaafe4788a17d800.pkl,"[""${NARROWGATE_CACHE_ROOT}/window_cache/btcusdc_2026-04-23_tick_window_v12_aaafe4788a17d800.pkl""]",1213991921,1213992960,1,1,2026-07-30T23:32:43.331747Z,2026-07-30T23:32:43.331747Z,v12 variant identity remains unresolved against version/day semantic bindings
superseded_but_referenced,legacy_window_v12,${NARROWGATE_CACHE_ROOT}/window_cache/btcusdc_2026-04-23_tick_window_v12_e5af2ed5e761b244.pkl,"[""${NARROWGATE_CACHE_ROOT}/window_cache/btcusdc_2026-04-23_tick_window_v12_e5af2ed5e761b244.pkl""]",1213991921,1213992960,1,1,2026-07-29T08:08:07.842249Z,2026-07-29T08:08:07.842249Z,v12 variant identity remains unresolved against version/day semantic bindings
superseded_but_referenced,legacy_window_v12,${NARROWGATE_CACHE_ROOT}/window_cache/btcusdc_2026-04-23_tick_window_v12_f00bf77ff77710f8.pkl,"[""${NARROWGATE_CACHE_ROOT}/window_cache/btcusdc_2026-04-23_tick_window_v12_f00bf77ff77710f8.pkl""]",637023966,637026304,1,1,2026-07-28T21:41:33.176175Z,2026-07-28T21:41:33.176175Z,v12 variant identity remains unresolved against version/day semantic bindings
superseded_but_referenced,legacy_window_v12,${NARROWGATE_CACHE_ROOT}/window_cache/btcusdc_2026-05-01_tick_window_v12_026a130808f46bb9.pkl,"[""${NARROWGATE_CACHE_ROOT}/window_cache/btcusdc_2026-05-01_tick_window_v12_026a130808f46bb9.pkl""]",1202376680,1202376704,1,1,2026-07-30T23:40:10.554595Z,2026-07-30T23:40:10.554595Z,v12 variant identity remains unresolved against version/day semantic bindings
superseded_but_referenced,legacy_window_v12,${NARROWGATE_CACHE_ROOT}/window_cache/btcusdc_2026-05-01_tick_window_v12_3cc7e74e934df79e.pkl,"[""${NARROWGATE_CACHE_ROOT}/window_cache/btcusdc_2026-05-01_tick_window_v12_3cc7e74e934df79e.pkl""]",1202376680,1202376704,1,1,2026-07-29T08:08:07.092011Z,2026-07-29T08:08:07.092011Z,v12 variant identity remains unresolved against version/day semantic bindings
superseded_but_referenced,legacy_window_v12,${NARROWGATE_CACHE_ROOT}/window_cache/btcusdc_2026-05-01_tick_window_v12_69218b4fcf860cff.pkl,"[""${NARROWGATE_CACHE_ROOT}/window_cache/btcusdc_2026-05-01_tick_window_v12_69218b4fcf860cff.pkl""]",630441445,630444032,1,1,2026-07-28T21:41:45.678245Z,2026-07-28T21:41:45.678245Z,v12 variant identity remains unresolved against version/day semantic bindings
superseded_but_referenced,legacy_window_v12,${NARROWGATE_CACHE_ROOT}/window_cache/btcusdc_2026-05-02_tick_window_v12_3d99bb15bee7a731.pkl,"[""${NARROWGATE_CACHE_ROOT}/window_cache/btcusdc_2026-05-02_tick_window_v12_3d99bb15bee7a731.pkl""]",1174995314,1174999040,1,1,2026-07-30T23:42:55.937723Z,2026-07-30T23:42:55.937723Z,v12 variant identity remains unresolved against version/day semantic bindings
superseded_but_referenced,legacy_window_v12,${NARROWGATE_CACHE_ROOT}/window_cache/btcusdc_2026-05-02_tick_window_v12_e86f0c7bc141486e.pkl,"[""${NARROWGATE_CACHE_ROOT}/window_cache/btcusdc_2026-05-02_tick_window_v12_e86f0c7bc141486e.pkl""]",598116799,598118400,1,1,2026-07-28T21:41:48.484149Z,2026-07-28T21:41:48.484149Z,v12 variant identity remains unresolved against version/day semantic bindings
superseded_but_referenced,legacy_window_v12,${NARROWGATE_CACHE_ROOT}/window_cache/btcusdc_2026-05-02_tick_window_v12_ece24cdd57564b12.pkl,"[""${NARROWGATE_CACHE_ROOT}/window_cache/btcusdc_2026-05-02_tick_window_v12_ece24cdd57564b12.pkl""]",1174995314,1174999040,1,1,2026-07-29T08:08:03.834011Z,2026-07-29T08:08:03.834011Z,v12 variant identity remains unresolved against version/day semantic bindings
superseded_but_referenced,legacy_window_v12,${NARROWGATE_CACHE_ROOT}/window_cache/btcusdc_2026-05-03_tick_window_v12_0f1780797bc0efcc.pkl,"[""${NARROWGATE_CACHE_ROOT}/window_cache/btcusdc_2026-05-03_tick_window_v12_0f1780797bc0efcc.pkl""]",603313677,603316224,1,1,2026-07-28T21:41:50.991482Z,2026-07-28T21:41:50.991482Z,v12 variant identity remains unresolved against version/day semantic bindings
superseded_but_referenced,legacy_window_v12,${NARROWGATE_CACHE_ROOT}/window_cache/btcusdc_2026-05-03_tick_window_v12_6fb23c84e8adec49.pkl,"[""${NARROWGATE_CACHE_ROOT}/window_cache/btcusdc_2026-05-03_tick_window_v12_6fb23c84e8adec49.pkl""]",1164337632,1164341248,1,1,2026-07-29T08:11:19.230653Z,2026-07-29T08:11:19.230653Z,v12 variant identity remains unresolved against version/day semantic bindings
superseded_but_referenced,legacy_window_v12,${NARROWGATE_CACHE_ROOT}/window_cache/btcusdc_2026-05-03_tick_window_v12_f3bebebe1d5f2c83.pkl,"[""${NARROWGATE_CACHE_ROOT}/window_cache/btcusdc_2026-05-03_tick_window_v12_f3bebebe1d5f2c83.pkl""]",1164337632,1164341248,1,1,2026-07-30T23:48:53.584598Z,2026-07-30T23:48:53.584598Z,v12 variant identity remains unresolved against version/day semantic bindings
superseded_but_referenced,legacy_window_v12,${NARROWGATE_CACHE_ROOT}/window_cache/btcusdc_2026-05-04_tick_window_v12_0097fbd39ddc10e3.pkl,"[""${NARROWGATE_CACHE_ROOT}/window_cache/btcusdc_2026-05-04_tick_window_v12_0097fbd39ddc10e3.pkl""]",1207176904,1207177216,1,1,2026-07-30T23:50:04.977114Z,2026-07-30T23:50:04.977114Z,v12 variant identity remains unresolved against version/day semantic bindings
superseded_but_referenced,legacy_window_v12,${NARROWGATE_CACHE_ROOT}/window_cache/btcusdc_2026-05-04_tick_window_v12_adb0f60d3917b2c2.pkl,"[""${NARROWGATE_CACHE_ROOT}/window_cache/btcusdc_2026-05-04_tick_window_v12_adb0f60d3917b2c2.pkl""]",646504293,646504448,1,1,2026-07-28T21:41:56.870331Z,2026-07-28T21:41:56.870331Z,v12 variant identity remains unresolved against version/day semantic bindings
superseded_but_referenced,legacy_window_v12,${NARROWGATE_CACHE_ROOT}/window_cache/btcusdc_2026-05-05_tick_window_v12_cec801cd47edd6bd.pkl,"[""${NARROWGATE_CACHE_ROOT}/window_cache/btcusdc_2026-05-05_tick_window_v12_cec801cd47edd6bd.pkl""]",647206724,647208960,1,1,2026-07-28T21:41:58.981770Z,2026-07-28T21:41:58.981770Z,v12 variant identity remains unresolved against version/day semantic bindings
superseded_but_referenced,legacy_window_v12,${NARROWGATE_CACHE_ROOT}/window_cache/btcusdc_2026-05-05_tick_window_v12_e8861c814229a8a9.pkl,"[""${NARROWGATE_CACHE_ROOT}/window_cache/btcusdc_2026-05-05_tick_window_v12_e8861c814229a8a9.pkl""]",1220802071,1220804608,1,1,2026-07-30T23:55:59.031434Z,2026-07-30T23:55:59.031434Z,v12 variant identity remains unresolved against version/day semantic bindings
superseded_but_referenced,legacy_window_v12,${NARROWGATE_CACHE_ROOT}/window_cache/btcusdc_2026-05-06_tick_window_v12_8d768cf5a24eb293.pkl,"[""${NARROWGATE_CACHE_ROOT}/window_cache/btcusdc_2026-05-06_tick_window_v12_8d768cf5a24eb293.pkl""]",639962892,639963136,1,1,2026-07-28T21:41:58.802347Z,2026-07-28T21:41:58.802347Z,v12 variant identity remains unresolved against version/day semantic bindings
superseded_but_referenced,legacy_window_v12,${NARROWGATE_CACHE_ROOT}/window_cache/btcusdc_2026-05-06_tick_window_v12_fa0a5abaece3dbb7.pkl,"[""${NARROWGATE_CACHE_ROOT}/window_cache/btcusdc_2026-05-06_tick_window_v12_fa0a5abaece3dbb7.pkl""]",1214328234,1214328832,1,1,2026-07-31T00:00:15.840110Z,2026-07-31T00:00:15.840110Z,v12 variant identity remains unresolved against version/day semantic bindings
superseded_but_referenced,legacy_window_v12,${NARROWGATE_CACHE_ROOT}/window_cache/btcusdc_2026-05-13_tick_window_v12_384bf6f4d52e33b1.pkl,"[""${NARROWGATE_CACHE_ROOT}/window_cache/btcusdc_2026-05-13_tick_window_v12_384bf6f4d52e33b1.pkl""]",648348683,648351744,1,1,2026-07-28T21:42:09.937890Z,2026-07-28T21:42:09.937890Z,v12 variant identity remains unresolved against version/day semantic bindings
superseded_but_referenced,legacy_window_v12,${NARROWGATE_CACHE_ROOT}/window_cache/btcusdc_2026-05-13_tick_window_v12_b760a622fc564c12.pkl,"[""${NARROWGATE_CACHE_ROOT}/window_cache/btcusdc_2026-05-13_tick_window_v12_b760a622fc564c12.pkl""]",1228965945,1228967936,1,1,2026-07-31T00:07:12.659979Z,2026-07-31T00:07:12.659979Z,v12 variant identity remains unresolved against version/day semantic bindings
superseded_but_referenced,legacy_window_v12,${NARROWGATE_CACHE_ROOT}/window_cache/btcusdc_2026-05-29_tick_window_v12_0b6a7c2cb91e369f.pkl,"[""${NARROWGATE_CACHE_ROOT}/window_cache/btcusdc_2026-05-29_tick_window_v12_0b6a7c2cb91e369f.pkl""]",1190018031,1190019072,1,1,2026-07-31T00:11:33.908456Z,2026-07-31T00:11:33.908456Z,v12 variant identity remains unresolved against version/day semantic bindings
superseded_but_referenced,legacy_window_v12,${NARROWGATE_CACHE_ROOT}/window_cache/btcusdc_2026-05-29_tick_window_v12_7a09804f6abbfe1c.pkl,"[""${NARROWGATE_CACHE_ROOT}/window_cache/btcusdc_2026-05-29_tick_window_v12_7a09804f6abbfe1c.pkl""]",624100076,624103424,1,1,2026-07-28T21:42:08.637047Z,2026-07-28T21:42:08.637047Z,v12 variant identity remains unresolved against version/day semantic bindings
superseded_but_referenced,legacy_window_v12,${NARROWGATE_CACHE_ROOT}/window_cache/btcusdc_2026-05-30_tick_window_v12_b5bdb1f3f4020e10.pkl,"[""${NARROWGATE_CACHE_ROOT}/window_cache/btcusdc_2026-05-30_tick_window_v12_b5bdb1f3f4020e10.pkl""]",1175345869,1175347200,1,1,2026-07-31T00:18:21.458229Z,2026-07-31T00:18:21.458229Z,v12 variant identity remains unresolved against version/day semantic bindings
superseded_but_referenced,legacy_window_v12,${NARROWGATE_CACHE_ROOT}/window_cache/btcusdc_2026-05-30_tick_window_v12_fd738acb56a8e293.pkl,"[""${NARROWGATE_CACHE_ROOT}/window_cache/btcusdc_2026-05-30_tick_window_v12_fd738acb56a8e293.pkl""]",603805642,603807744,1,1,2026-07-28T21:42:09.762931Z,2026-07-28T21:42:09.762931Z,v12 variant identity remains unresolved against version/day semantic bindings
superseded_but_referenced,legacy_window_v12,${NARROWGATE_CACHE_ROOT}/window_cache/btcusdc_2026-05-31_tick_window_v12_393bc8c17b7e95ea.pkl,"[""${NARROWGATE_CACHE_ROOT}/window_cache/btcusdc_2026-05-31_tick_window_v12_393bc8c17b7e95ea.pkl""]",1171334897,1171337216,1,1,2026-07-31T00:21:07.605930Z,2026-07-31T00:21:07.605930Z,v12 variant identity remains unresolved against version/day semantic bindings
superseded_but_referenced,legacy_window_v12,${NARROWGATE_CACHE_ROOT}/window_cache/btcusdc_2026-05-31_tick_window_v12_4db8b46e63cb7bea.pkl,"[""${NARROWGATE_CACHE_ROOT}/window_cache/btcusdc_2026-05-31_tick_window_v12_4db8b46e63cb7bea.pkl""]",603343843,603344896,1,1,2026-07-28T21:42:20.389424Z,2026-07-28T21:42:20.389424Z,v12 variant identity remains unresolved against version/day semantic bindings
superseded_but_referenced,legacy_window_v12,${NARROWGATE_CACHE_ROOT}/window_cache/btcusdc_2026-06-02_tick_window_v12_4fd8e978e7745fc6.pkl,"[""${NARROWGATE_CACHE_ROOT}/window_cache/btcusdc_2026-06-02_tick_window_v12_4fd8e978e7745fc6.pkl""]",649242628,649244672,1,1,2026-07-28T21:42:25.566266Z,2026-07-28T21:42:25.566266Z,v12 variant identity remains unresolved against version/day semantic bindings
superseded_but_referenced,legacy_window_v12,${NARROWGATE_CACHE_ROOT}/window_cache/btcusdc_2026-06-02_tick_window_v12_c1c2073d52590879.pkl,"[""${NARROWGATE_CACHE_ROOT}/window_cache/btcusdc_2026-06-02_tick_window_v12_c1c2073d52590879.pkl""]",1214835879,1214836736,1,1,2026-07-29T08:11:57.994421Z,2026-07-29T08:11:57.994421Z,v12 variant identity remains unresolved against version/day semantic bindings
superseded_but_referenced,legacy_window_v12,${NARROWGATE_CACHE_ROOT}/window_cache/btcusdc_2026-06-02_tick_window_v12_fdb4bb8b12f70aa0.pkl,"[""${NARROWGATE_CACHE_ROOT}/window_cache/btcusdc_2026-06-02_tick_window_v12_fdb4bb8b12f70aa0.pkl""]",1214835879,1214836736,1,1,2026-07-31T00:25:24.021883Z,2026-07-31T00:25:24.021883Z,v12 variant identity remains unresolved against version/day semantic bindings
superseded_but_referenced,legacy_window_v12,${NARROWGATE_CACHE_ROOT}/window_cache/btcusdc_2026-06-03_tick_window_v12_235b920f0114245d.pkl,"[""${NARROWGATE_CACHE_ROOT}/window_cache/btcusdc_2026-06-03_tick_window_v12_235b920f0114245d.pkl""]",652434234,652435456,1,1,2026-07-28T21:42:27.094861Z,2026-07-28T21:42:27.094861Z,v12 variant identity remains unresolved against version/day semantic bindings
superseded_but_referenced,legacy_window_v12,${NARROWGATE_CACHE_ROOT}/window_cache/btcusdc_2026-06-03_tick_window_v12_6667ff84a740b71a.pkl,"[""${NARROWGATE_CACHE_ROOT}/window_cache/btcusdc_2026-06-03_tick_window_v12_6667ff84a740b71a.pkl""]",1228345357,1228349440,1,1,2026-07-29T08:11:55.222661Z,2026-07-29T08:11:55.222661Z,v12 variant identity remains unresolved against version/day semantic bindings
superseded_but_referenced,legacy_window_v12,${NARROWGATE_CACHE_ROOT}/window_cache/btcusdc_2026-06-03_tick_window_v12_ed2f4af044488e65.pkl,"[""${NARROWGATE_CACHE_ROOT}/window_cache/btcusdc_2026-06-03_tick_window_v12_ed2f4af044488e65.pkl""]",1228345357,1228349440,1,1,2026-07-31T00:27:30.359548Z,2026-07-31T00:27:30.359548Z,v12 variant identity remains unresolved against version/day semantic bindings
superseded_but_referenced,legacy_window_v12,${NARROWGATE_CACHE_ROOT}/window_cache/btcusdc_2026-06-05_tick_window_v12_1cee0be2cf793c09.pkl,"[""${NARROWGATE_CACHE_ROOT}/window_cache/btcusdc_2026-06-05_tick_window_v12_1cee0be2cf793c09.pkl""]",1261615277,1261617152,1,1,2026-07-29T08:12:02.815747Z,2026-07-29T08:12:02.815747Z,v12 variant identity remains unresolved against version/day semantic bindings
superseded_but_referenced,legacy_window_v12,${NARROWGATE_CACHE_ROOT}/window_cache/btcusdc_2026-06-05_tick_window_v12_2b57c5ffe838e673.pkl,"[""${NARROWGATE_CACHE_ROOT}/window_cache/btcusdc_2026-06-05_tick_window_v12_2b57c5ffe838e673.pkl""]",1261615277,1261617152,1,1,2026-07-31T00:35:54.569258Z,2026-07-31T00:35:54.569258Z,v12 variant identity remains unresolved against version/day semantic bindings
superseded_but_referenced,legacy_window_v12,${NARROWGATE_CACHE_ROOT}/window_cache/btcusdc_2026-06-05_tick_window_v12_a1bc8612134b4a0e.pkl,"[""${NARROWGATE_CACHE_ROOT}/window_cache/btcusdc_2026-06-05_tick_window_v12_a1bc8612134b4a0e.pkl""]",690615722,690618368,1,1,2026-07-28T21:42:39.066182Z,2026-07-28T21:42:39.066182Z,v12 variant identity remains unresolved against version/day semantic bindings
superseded_but_referenced,legacy_window_v12,${NARROWGATE_CACHE_ROOT}/window_cache/btcusdc_2026-06-06_tick_window_v12_0eb5cf289683c708.pkl,"[""${NARROWGATE_CACHE_ROOT}/window_cache/btcusdc_2026-06-06_tick_window_v12_0eb5cf289683c708.pkl""]",1223367957,1223368704,1,1,2026-07-31T00:39:51.774882Z,2026-07-31T00:39:51.774882Z,v12 variant identity remains unresolved against version/day semantic bindings
superseded_but_referenced,legacy_window_v12,${NARROWGATE_CACHE_ROOT}/window_cache/btcusdc_2026-06-06_tick_window_v12_5bdda1dacb4ec980.pkl,"[""${NARROWGATE_CACHE_ROOT}/window_cache/btcusdc_2026-06-06_tick_window_v12_5bdda1dacb4ec980.pkl""]",1223367957,1223368704,1,1,2026-07-29T08:11:57.578885Z,2026-07-29T08:11:57.578885Z,v12 variant identity remains unresolved against version/day semantic bindings
superseded_but_referenced,legacy_window_v12,${NARROWGATE_CACHE_ROOT}/window_cache/btcusdc_2026-06-06_tick_window_v12_e69169fb3d6237fd.pkl,"[""${NARROWGATE_CACHE_ROOT}/window_cache/btcusdc_2026-06-06_tick_window_v12_e69169fb3d6237fd.pkl""]",645706498,645709824,1,1,2026-07-28T21:42:32.808828Z,2026-07-28T21:42:32.808828Z,v12 variant identity remains unresolved against version/day semantic bindings
superseded_but_referenced,legacy_window_v12,${NARROWGATE_CACHE_ROOT}/window_cache/btcusdc_2026-06-07_tick_window_v12_1992e55c4967a648.pkl,"[""${NARROWGATE_CACHE_ROOT}/window_cache/btcusdc_2026-06-07_tick_window_v12_1992e55c4967a648.pkl""]",1224919425,1224921088,1,1,2026-07-31T00:56:39.972608Z,2026-07-31T00:56:39.972608Z,v12 variant identity remains unresolved against version/day semantic bindings
superseded_but_referenced,legacy_window_v12,${NARROWGATE_CACHE_ROOT}/window_cache/btcusdc_2026-06-07_tick_window_v12_2882be041e67a7a0.pkl,"[""${NARROWGATE_CACHE_ROOT}/window_cache/btcusdc_2026-06-07_tick_window_v12_2882be041e67a7a0.pkl""]",645528462,645529600,1,1,2026-07-28T21:42:36.858718Z,2026-07-28T21:42:36.858718Z,v12 variant identity remains unresolved against version/day semantic bindings
superseded_but_referenced,legacy_window_v12,${NARROWGATE_CACHE_ROOT}/window_cache/btcusdc_2026-06-07_tick_window_v12_84ef9155bf81a083.pkl,"[""${NARROWGATE_CACHE_ROOT}/window_cache/btcusdc_2026-06-07_tick_window_v12_84ef9155bf81a083.pkl""]",1224919425,1224921088,1,1,2026-07-29T08:11:58.576721Z,2026-07-29T08:11:58.576721Z,v12 variant identity remains unresolved against version/day semantic bindings
superseded_but_referenced,legacy_window_v12,${NARROWGATE_CACHE_ROOT}/window_cache/btcusdc_2026-06-08_tick_window_v12_2cf9cd6409012b5a.pkl,"[""${NARROWGATE_CACHE_ROOT}/window_cache/btcusdc_2026-06-08_tick_window_v12_2cf9cd6409012b5a.pkl""]",650479320,650481664,1,1,2026-07-28T21:42:44.680270Z,2026-07-28T21:42:44.680270Z,v12 variant identity remains unresolved against version/day semantic bindings
superseded_but_referenced,legacy_window_v12,${NARROWGATE_CACHE_ROOT}/window_cache/btcusdc_2026-06-08_tick_window_v12_33e6efbaec921c89.pkl,"[""${NARROWGATE_CACHE_ROOT}/window_cache/btcusdc_2026-06-08_tick_window_v12_33e6efbaec921c89.pkl""]",1230278395,1230278656,1,1,2026-07-29T08:11:58.514386Z,2026-07-29T08:11:58.514386Z,v12 variant identity remains unresolved against version/day semantic bindings
superseded_but_referenced,legacy_window_v12,${NARROWGATE_CACHE_ROOT}/window_cache/btcusdc_2026-06-08_tick_window_v12_d61b4eb8596edbfe.pkl,"[""${NARROWGATE_CACHE_ROOT}/window_cache/btcusdc_2026-06-08_tick_window_v12_d61b4eb8596edbfe.pkl""]",1230278395,1230278656,1,1,2026-07-31T00:56:44.554674Z,2026-07-31T00:56:44.554674Z,v12 variant identity remains unresolved against version/day semantic bindings
superseded_but_referenced,legacy_window_v12,${NARROWGATE_CACHE_ROOT}/window_cache/btcusdc_2026-06-09_tick_window_v12_06e6a71eaf51dd86.pkl,"[""${NARROWGATE_CACHE_ROOT}/window_cache/btcusdc_2026-06-09_tick_window_v12_06e6a71eaf51dd86.pkl""]",655925847,655929344,1,1,2026-07-28T21:42:54.919404Z,2026-07-28T21:42:54.919404Z,v12 variant identity remains unresolved against version/day semantic bindings
superseded_but_referenced,legacy_window_v12,${NARROWGATE_CACHE_ROOT}/window_cache/btcusdc_2026-06-09_tick_window_v12_1c9d7a7b5c9ca470.pkl,"[""${NARROWGATE_CACHE_ROOT}/window_cache/btcusdc_2026-06-09_tick_window_v12_1c9d7a7b5c9ca470.pkl""]",1237667146,1237667840,1,1,2026-07-31T01:10:33.673987Z,2026-07-31T01:10:33.673987Z,v12 variant identity remains unresolved against version/day semantic bindings
superseded_but_referenced,legacy_window_v12,${NARROWGATE_CACHE_ROOT}/window_cache/btcusdc_2026-06-09_tick_window_v12_32f81859b7935f71.pkl,"[""${NARROWGATE_CACHE_ROOT}/window_cache/btcusdc_2026-06-09_tick_window_v12_32f81859b7935f71.pkl""]",1237667146,1237667840,1,1,2026-07-29T08:12:00.622545Z,2026-07-29T08:12:00.622545Z,v12 variant identity remains unresolved against version/day semantic bindings
superseded_but_referenced,legacy_window_v12,${NARROWGATE_CACHE_ROOT}/window_cache/btcusdc_2026-06-10_tick_window_v12_61b24b51df8a87e4.pkl,"[""${NARROWGATE_CACHE_ROOT}/window_cache/btcusdc_2026-06-10_tick_window_v12_61b24b51df8a87e4.pkl""]",658495194,658497536,1,1,2026-07-28T21:42:57.298267Z,2026-07-28T21:42:57.298267Z,v12 variant identity remains unresolved against version/day semantic bindings
superseded_but_referenced,legacy_window_v12,${NARROWGATE_CACHE_ROOT}/window_cache/btcusdc_2026-06-10_tick_window_v12_8daf13e7cd6bb7f0.pkl,"[""${NARROWGATE_CACHE_ROOT}/window_cache/btcusdc_2026-06-10_tick_window_v12_8daf13e7cd6bb7f0.pkl""]",1239893837,1239896064,1,1,2026-07-31T01:11:43.432119Z,2026-07-31T01:11:43.432119Z,v12 variant identity remains unresolved against version/day semantic bindings
superseded_but_referenced,legacy_window_v12,${NARROWGATE_CACHE_ROOT}/window_cache/btcusdc_2026-06-10_tick_window_v12_c5c5024408856eb6.pkl,"[""${NARROWGATE_CACHE_ROOT}/window_cache/btcusdc_2026-06-10_tick_window_v12_c5c5024408856eb6.pkl""]",1239893837,1239896064,1,1,2026-07-29T08:12:04.984822Z,2026-07-29T08:12:04.984822Z,v12 variant identity remains unresolved against version/day semantic bindings
superseded_but_referenced,legacy_window_v12,${NARROWGATE_CACHE_ROOT}/window_cache/btcusdc_2026-06-11_tick_window_v12_2518cad4705cee9f.pkl,"[""${NARROWGATE_CACHE_ROOT}/window_cache/btcusdc_2026-06-11_tick_window_v12_2518cad4705cee9f.pkl""]",645868944,645869568,1,1,2026-07-28T21:43:00.639416Z,2026-07-28T21:43:00.639416Z,v12 variant identity remains unresolved against version/day semantic bindings
superseded_but_referenced,legacy_window_v12,${NARROWGATE_CACHE_ROOT}/window_cache/btcusdc_2026-06-11_tick_window_v12_4ab8933b7e68c3f1.pkl,"[""${NARROWGATE_CACHE_ROOT}/window_cache/btcusdc_2026-06-11_tick_window_v12_4ab8933b7e68c3f1.pkl""]",1227312339,1227313152,1,1,2026-07-31T01:27:26.776021Z,2026-07-31T01:27:26.776021Z,v12 variant identity remains unresolved against version/day semantic bindings
superseded_but_referenced,legacy_window_v12,${NARROWGATE_CACHE_ROOT}/window_cache/btcusdc_2026-06-12_tick_window_v12_ba79c0f8c2dea23a.pkl,"[""${NARROWGATE_CACHE_ROOT}/window_cache/btcusdc_2026-06-12_tick_window_v12_ba79c0f8c2dea23a.pkl""]",634685128,634687488,1,1,2026-07-28T21:43:02.892094Z,2026-07-28T21:43:02.892094Z,v12 variant identity remains unresolved against version/day semantic bindings
superseded_but_referenced,legacy_window_v12,${NARROWGATE_CACHE_ROOT}/window_cache/btcusdc_2026-06-12_tick_window_v12_ecdbf2a663065f03.pkl,"[""${NARROWGATE_CACHE_ROOT}/window_cache/btcusdc_2026-06-12_tick_window_v12_ecdbf2a663065f03.pkl""]",1214317707,1214320640,1,1,2026-07-31T01:28:30.878811Z,2026-07-31T01:28:30.878811Z,v12 variant identity remains unresolved against version/day semantic bindings
superseded_but_referenced,legacy_window_v12,${NARROWGATE_CACHE_ROOT}/window_cache/btcusdc_2026-06-13_tick_window_v12_497b90f0c38b12cc.pkl,"[""${NARROWGATE_CACHE_ROOT}/window_cache/btcusdc_2026-06-13_tick_window_v12_497b90f0c38b12cc.pkl""]",611757866,611758080,1,1,2026-07-28T21:43:09.379761Z,2026-07-28T21:43:09.379761Z,v12 variant identity remains unresolved against version/day semantic bindings
superseded_but_referenced,legacy_window_v12,${NARROWGATE_CACHE_ROOT}/window_cache/btcusdc_2026-06-13_tick_window_v12_a53cc59831e12094.pkl,"[""${NARROWGATE_CACHE_ROOT}/window_cache/btcusdc_2026-06-13_tick_window_v12_a53cc59831e12094.pkl""]",1188773229,1188773888,1,1,2026-07-31T01:40:42.116714Z,2026-07-31T01:40:42.116714Z,v12 variant identity remains unresolved against version/day semantic bindings
superseded_but_referenced,legacy_window_v12,${NARROWGATE_CACHE_ROOT}/window_cache/btcusdc_2026-06-14_tick_window_v12_033f1426906a57fa.pkl,"[""${NARROWGATE_CACHE_ROOT}/window_cache/btcusdc_2026-06-14_tick_window_v12_033f1426906a57fa.pkl""]",1189055636,1189056512,1,1,2026-07-31T01:40:47.796550Z,2026-07-31T01:40:47.796550Z,v12 variant identity remains unresolved against version/day semantic bindings
superseded_but_referenced,legacy_window_v12,${NARROWGATE_CACHE_ROOT}/window_cache/btcusdc_2026-06-14_tick_window_v12_7b7951a1717b9710.pkl,"[""${NARROWGATE_CACHE_ROOT}/window_cache/btcusdc_2026-06-14_tick_window_v12_7b7951a1717b9710.pkl""]",617568289,617570304,1,1,2026-07-28T21:43:09.965822Z,2026-07-28T21:43:09.965822Z,v12 variant identity remains unresolved against version/day semantic bindings
superseded_but_referenced,legacy_window_v12,${NARROWGATE_CACHE_ROOT}/window_cache/btcusdc_2026-06-15_tick_window_v12_07272790478ffbe6.pkl,"[""${NARROWGATE_CACHE_ROOT}/window_cache/btcusdc_2026-06-15_tick_window_v12_07272790478ffbe6.pkl""]",1203518976,1203519488,1,1,2026-07-31T01:49:17.340185Z,2026-07-31T01:49:17.340185Z,v12 variant identity remains unresolved against version/day semantic bindings
superseded_but_referenced,legacy_window_v12,${NARROWGATE_CACHE_ROOT}/window_cache/btcusdc_2026-06-15_tick_window_v12_d4945d59ae8d6c33.pkl,"[""${NARROWGATE_CACHE_ROOT}/window_cache/btcusdc_2026-06-15_tick_window_v12_d4945d59ae8d6c33.pkl""]",631503933,631504896,1,1,2026-07-28T21:43:22.782688Z,2026-07-28T21:43:22.782688Z,v12 variant identity remains unresolved against version/day semantic bindings
superseded_but_referenced,legacy_window_v12,${NARROWGATE_CACHE_ROOT}/window_cache/btcusdc_2026-06-16_tick_window_v12_8449f267581435ee.pkl,"[""${NARROWGATE_CACHE_ROOT}/window_cache/btcusdc_2026-06-16_tick_window_v12_8449f267581435ee.pkl""]",627877496,627879936,1,1,2026-07-28T21:43:25.994711Z,2026-07-28T21:43:25.994711Z,v12 variant identity remains unresolved against version/day semantic bindings
superseded_but_referenced,legacy_window_v12,${NARROWGATE_CACHE_ROOT}/window_cache/btcusdc_2026-06-16_tick_window_v12_e913ca5e1493cc81.pkl,"[""${NARROWGATE_CACHE_ROOT}/window_cache/btcusdc_2026-06-16_tick_window_v12_e913ca5e1493cc81.pkl""]",1207052646,1207054336,1,1,2026-07-31T01:50:03.995331Z,2026-07-31T01:50:03.995331Z,v12 variant identity remains unresolved against version/day semantic bindings
superseded_but_referenced,legacy_window_v12,${NARROWGATE_CACHE_ROOT}/window_cache/btcusdc_2026-06-17_tick_window_v12_5e129d3bcb029e8f.pkl,"[""${NARROWGATE_CACHE_ROOT}/window_cache/btcusdc_2026-06-17_tick_window_v12_5e129d3bcb029e8f.pkl""]",1218172245,1218174976,1,1,2026-07-31T02:00:05.779691Z,2026-07-31T02:00:05.779691Z,v12 variant identity remains unresolved against version/day semantic bindings
superseded_but_referenced,legacy_window_v12,${NARROWGATE_CACHE_ROOT}/window_cache/btcusdc_2026-06-17_tick_window_v12_d0d4fdcfd04cc9a6.pkl,"[""${NARROWGATE_CACHE_ROOT}/window_cache/btcusdc_2026-06-17_tick_window_v12_d0d4fdcfd04cc9a6.pkl""]",640102562,640106496,1,1,2026-07-28T21:43:28.747451Z,2026-07-28T21:43:28.747451Z,v12 variant identity remains unresolved against version/day semantic bindings
superseded_but_referenced,legacy_window_v12,${NARROWGATE_CACHE_ROOT}/window_cache/btcusdc_2026-06-18_tick_window_v12_2897a0be5a2df70a.pkl,"[""${NARROWGATE_CACHE_ROOT}/window_cache/btcusdc_2026-06-18_tick_window_v12_2897a0be5a2df70a.pkl""]",1214016736,1214017536,1,1,2026-07-31T02:01:05.190552Z,2026-07-31T02:01:05.190552Z,v12 variant identity remains unresolved against version/day semantic bindings
superseded_but_referenced,legacy_window_v12,${NARROWGATE_CACHE_ROOT}/window_cache/btcusdc_2026-06-18_tick_window_v12_a2d29b86d7e1dd06.pkl,"[""${NARROWGATE_CACHE_ROOT}/window_cache/btcusdc_2026-06-18_tick_window_v12_a2d29b86d7e1dd06.pkl""]",635315021,635318272,1,1,2026-07-28T21:43:29.421293Z,2026-07-28T21:43:29.421293Z,v12 variant identity remains unresolved against version/day semantic bindings
superseded_but_referenced,legacy_window_v12,${NARROWGATE_CACHE_ROOT}/window_cache/btcusdc_2026-06-19_tick_window_v12_332989b159a2ae3b.pkl,"[""${NARROWGATE_CACHE_ROOT}/window_cache/btcusdc_2026-06-19_tick_window_v12_332989b159a2ae3b.pkl""]",1203818062,1203818496,1,1,2026-07-31T02:13:06.762354Z,2026-07-31T02:13:06.762354Z,v12 variant identity remains unresolved against version/day semantic bindings
superseded_but_referenced,legacy_window_v12,${NARROWGATE_CACHE_ROOT}/window_cache/btcusdc_2026-06-19_tick_window_v12_bc1e903111a67994.pkl,"[""${NARROWGATE_CACHE_ROOT}/window_cache/btcusdc_2026-06-19_tick_window_v12_bc1e903111a67994.pkl""]",625225115,625225728,1,1,2026-07-28T21:43:32.474115Z,2026-07-28T21:43:32.474115Z,v12 variant identity remains unresolved against version/day semantic bindings
superseded_but_referenced,legacy_window_v12,${NARROWGATE_CACHE_ROOT}/window_cache/btcusdc_2026-06-20_tick_window_v12_1657e5ba68bf572d.pkl,"[""${NARROWGATE_CACHE_ROOT}/window_cache/btcusdc_2026-06-20_tick_window_v12_1657e5ba68bf572d.pkl""]",1194760264,1194762240,1,1,2026-07-31T02:14:29.528143Z,2026-07-31T02:14:29.528143Z,v12 variant identity remains unresolved against version/day semantic bindings
superseded_but_referenced,legacy_window_v12,${NARROWGATE_CACHE_ROOT}/window_cache/btcusdc_2026-06-20_tick_window_v12_9bef84f511730cd9.pkl,"[""${NARROWGATE_CACHE_ROOT}/window_cache/btcusdc_2026-06-20_tick_window_v12_9bef84f511730cd9.pkl""]",618222309,618225664,1,1,2026-07-28T21:43:32.703895Z,2026-07-28T21:43:32.703895Z,v12 variant identity remains unresolved against version/day semantic bindings
superseded_but_referenced,legacy_window_v12,${NARROWGATE_CACHE_ROOT}/window_cache/btcusdc_2026-06-21_tick_window_v12_1cb254a3d1f9bd57.pkl,"[""${NARROWGATE_CACHE_ROOT}/window_cache/btcusdc_2026-06-21_tick_window_v12_1cb254a3d1f9bd57.pkl""]",1188272722,1188274176,1,1,2026-07-29T06:09:27.609272Z,2026-07-29T06:09:27.609272Z,v12 variant identity remains unresolved against version/day semantic bindings
superseded_but_referenced,legacy_window_v12,${NARROWGATE_CACHE_ROOT}/window_cache/btcusdc_2026-06-21_tick_window_v12_266e3742ec187d9c.pkl,"[""${NARROWGATE_CACHE_ROOT}/window_cache/btcusdc_2026-06-21_tick_window_v12_266e3742ec187d9c.pkl""]",614376031,614379520,1,1,2026-07-28T21:43:47.308773Z,2026-07-28T21:43:47.308773Z,v12 variant identity remains unresolved against version/day semantic bindings
superseded_but_referenced,legacy_window_v12,${NARROWGATE_CACHE_ROOT}/window_cache/btcusdc_2026-06-21_tick_window_v12_f19af0e35ed0ae28.pkl,"[""${NARROWGATE_CACHE_ROOT}/window_cache/btcusdc_2026-06-21_tick_window_v12_f19af0e35ed0ae28.pkl""]",1188272722,1188274176,1,1,2026-07-31T02:25:26.396967Z,2026-07-31T02:25:26.396967Z,v12 variant identity remains unresolved against version/day semantic bindings
superseded_but_referenced,legacy_window_v12,${NARROWGATE_CACHE_ROOT}/window_cache/btcusdc_2026-06-22_tick_window_v12_0b3bfa6150f0382d.pkl,"[""${NARROWGATE_CACHE_ROOT}/window_cache/btcusdc_2026-06-22_tick_window_v12_0b3bfa6150f0382d.pkl""]",634786717,634789888,1,1,2026-07-28T21:43:52.287918Z,2026-07-28T21:43:52.287918Z,v12 variant identity remains unresolved against version/day semantic bindings
superseded_but_referenced,legacy_window_v12,${NARROWGATE_CACHE_ROOT}/window_cache/btcusdc_2026-06-22_tick_window_v12_44717b5a180b4890.pkl,"[""${NARROWGATE_CACHE_ROOT}/window_cache/btcusdc_2026-06-22_tick_window_v12_44717b5a180b4890.pkl""]",1207147792,1207148544,1,1,2026-07-31T02:25:33.167497Z,2026-07-31T02:25:33.167497Z,v12 variant identity remains unresolved against version/day semantic bindings
superseded_but_referenced,legacy_window_v12,${NARROWGATE_CACHE_ROOT}/window_cache/btcusdc_2026-06-23_tick_window_v12_2f674b02dea300e5.pkl,"[""${NARROWGATE_CACHE_ROOT}/window_cache/btcusdc_2026-06-23_tick_window_v12_2f674b02dea300e5.pkl""]",633395312,633397248,1,1,2026-07-28T21:43:56.319958Z,2026-07-28T21:43:56.319958Z,v12 variant identity remains unresolved against version/day semantic bindings
superseded_but_referenced,legacy_window_v12,${NARROWGATE_CACHE_ROOT}/window_cache/btcusdc_2026-06-23_tick_window_v12_82307116b28d74d3.pkl,"[""${NARROWGATE_CACHE_ROOT}/window_cache/btcusdc_2026-06-23_tick_window_v12_82307116b28d74d3.pkl""]",1211447427,1211449344,1,1,2026-07-31T02:34:44.551408Z,2026-07-31T02:34:44.551408Z,v12 variant identity remains unresolved against version/day semantic bindings
superseded_but_referenced,legacy_window_v12,${NARROWGATE_CACHE_ROOT}/window_cache/btcusdc_2026-06-24_tick_window_v12_90e44cac7ee40f79.pkl,"[""${NARROWGATE_CACHE_ROOT}/window_cache/btcusdc_2026-06-24_tick_window_v12_90e44cac7ee40f79.pkl""]",644274708,644276224,1,1,2026-07-28T21:43:58.694524Z,2026-07-28T21:43:58.694524Z,v12 variant identity remains unresolved against version/day semantic bindings
superseded_but_referenced,legacy_window_v12,${NARROWGATE_CACHE_ROOT}/window_cache/btcusdc_2026-06-24_tick_window_v12_fac907f302daa772.pkl,"[""${NARROWGATE_CACHE_ROOT}/window_cache/btcusdc_2026-06-24_tick_window_v12_fac907f302daa772.pkl""]",1222922759,1222926336,1,1,2026-07-31T02:36:41.857369Z,2026-07-31T02:36:41.857369Z,v12 variant identity remains unresolved against version/day semantic bindings
superseded_but_referenced,legacy_window_v12,${NARROWGATE_CACHE_ROOT}/window_cache/btcusdc_2026-06-25_tick_window_v12_50466186b829a1ed.pkl,"[""${NARROWGATE_CACHE_ROOT}/window_cache/btcusdc_2026-06-25_tick_window_v12_50466186b829a1ed.pkl""]",1228828504,1228828672,1,1,2026-07-31T02:46:01.492750Z,2026-07-31T02:46:01.492750Z,v12 variant identity remains unresolved against version/day semantic bindings
superseded_but_referenced,legacy_window_v12,${NARROWGATE_CACHE_ROOT}/window_cache/btcusdc_2026-06-25_tick_window_v12_d83ee23486e2dddd.pkl,"[""${NARROWGATE_CACHE_ROOT}/window_cache/btcusdc_2026-06-25_tick_window_v12_d83ee23486e2dddd.pkl""]",651591605,651591680,1,1,2026-07-28T21:44:01.162771Z,2026-07-28T21:44:01.162771Z,v12 variant identity remains unresolved against version/day semantic bindings
superseded_but_referenced,legacy_window_v12,${NARROWGATE_CACHE_ROOT}/window_cache/btcusdc_2026-06-26_tick_window_v12_03c4d4d3541c0316.pkl,"[""${NARROWGATE_CACHE_ROOT}/window_cache/btcusdc_2026-06-26_tick_window_v12_03c4d4d3541c0316.pkl""]",659370635,659374080,1,1,2026-07-28T21:40:38.170118Z,2026-07-28T21:40:38.170118Z,v12 variant identity remains unresolved against version/day semantic bindings
superseded_but_referenced,legacy_window_v12,${NARROWGATE_CACHE_ROOT}/window_cache/btcusdc_2026-06-26_tick_window_v12_35f1c486446fbf0b.pkl,"[""${NARROWGATE_CACHE_ROOT}/window_cache/btcusdc_2026-06-26_tick_window_v12_35f1c486446fbf0b.pkl""]",1238774953,1238777856,1,1,2026-07-31T02:49:41.714397Z,2026-07-31T02:49:41.714397Z,v12 variant identity remains unresolved against version/day semantic bindings
unknown_manual_review,legacy_window_v13,${NARROWGATE_CACHE_ROOT}/window_cache/btcusdc_2026-07-25_tick_window_v13_e4c6e8b75c9e885e.pkl,"[""${NARROWGATE_CACHE_ROOT}/window_cache/btcusdc_2026-07-25_tick_window_v13_e4c6e8b75c9e885e.pkl""]",1172379999,1172381696,1,1,2026-07-31T17:56:45.832414Z,2026-07-31T17:56:45.832414Z,"v13 compatibility window has no exact reference, but current governance preserves all v13 variants"
unknown_manual_review,p3_cache_node,${NARROWGATE_CACHE_ROOT}/p3_conditional_quote_overlay_v1,"[""${NARROWGATE_CACHE_ROOT}/p3_conditional_quote_overlay_v1""]",2729074,2772992,24,24,2026-08-03T07:52:15.557713Z,2026-08-03T07:53:37.423966Z,"This overlay is specific to the failed scalar compression mapping, is not consumed by the full reach-time successor, and is deterministically regenerable from frozen inputs. It is a candidate, not deletion-ready, until a reproduction bundle or explicit owner receipt is recorded."
